id_classe,code_classe,id_filiere,niveau_annee,annee_scolaire,effectif_inscrit,salle
1,001-L1-2020,1,L1,2020-21,80,Bloc A-01
2,001-L2-2020,1,L2,2020-21,87,Bloc C-04
3,001-L3-2020,1,L3,2020-21,54,Bloc B-02
4,002-L1-2020,2,L1,2020-21,83,Bloc A-10
5,002-L2-2020,2,L2,2020-21,67,Bloc A-01
6,002-L3-2020,2,L3,2020-21,45,Bloc B-04
7,003-L1-2020,3,L1,2020-21,72,Bloc A-09
8,003-L2-2020,3,L2,2020-21,52,Bloc D-04
9,003-L3-2020,3,L3,2020-21,68,Bloc C-01
10,004-L1-2020,4,L1,2020-21,88,Bloc B-07
11,004-L2-2020,4,L2,2020-21,61,Bloc C-03
12,004-L3-2020,4,L3,2020-21,53,Bloc C-02
13,005-L1-2020,5,L1,2020-21,45,Bloc D-02
14,005-L2-2020,5,L2,2020-21,62,Bloc C-10
15,005-L3-2020,5,L3,2020-21,56,Bloc A-08
16,006-L1-2020,6,L1,2020-21,74,Bloc A-07
17,006-L2-2020,6,L2,2020-21,45,Bloc C-10
18,006-L3-2020,6,L3,2020-21,96,Bloc C-10
19,007-G1-2020,7,G1,2020-21,52,Bloc A-01
20,007-G2-2020,7,G2,2020-21,82,Bloc B-05
21,007-G3-2020,7,G3,2020-21,45,Bloc B-02
22,007-G4-2020,7,G4,2020-21,64,Bloc C-08
23,007-G5-2020,7,G5,2020-21,80,Bloc C-03
24,008-M1-2020,8,M1,2020-21,63,Bloc C-04
25,008-M2-2020,8,M2,2020-21,82,Bloc C-02
26,009-M1-2020,9,M1,2020-21,78,Bloc B-09
27,009-M2-2020,9,M2,2020-21,86,Bloc B-03
28,010-BTS1-2020,10,BTS1,2020-21,69,Bloc D-05
29,010-BTS2-2020,10,BTS2,2020-21,99,Bloc B-06
30,001-L1-2021,1,L1,2021-22,93,Bloc A-04
31,001-L2-2021,1,L2,2021-22,92,Bloc A-06
32,001-L3-2021,1,L3,2021-22,65,Bloc C-02
33,002-L1-2021,2,L1,2021-22,53,Bloc C-04
34,002-L2-2021,2,L2,2021-22,81,Bloc D-07
35,002-L3-2021,2,L3,2021-22,96,Bloc D-03
36,003-L1-2021,3,L1,2021-22,56,Bloc B-04
37,003-L2-2021,3,L2,2021-22,87,Bloc C-10
38,003-L3-2021,3,L3,2021-22,67,Bloc D-06
39,004-L1-2021,4,L1,2021-22,54,Bloc B-09
40,004-L2-2021,4,L2,2021-22,71,Bloc A-01
41,004-L3-2021,4,L3,2021-22,95,Bloc A-03
42,005-L1-2021,5,L1,2021-22,80,Bloc B-07
43,005-L2-2021,5,L2,2021-22,78,Bloc A-07
44,005-L3-2021,5,L3,2021-22,64,Bloc D-09
45,006-L1-2021,6,L1,2021-22,56,Bloc A-02
46,006-L2-2021,6,L2,2021-22,83,Bloc C-06
47,006-L3-2021,6,L3,2021-22,47,Bloc C-07
48,007-G1-2021,7,G1,2021-22,50,Bloc D-01
49,007-G2-2021,7,G2,2021-22,86,Bloc C-09
50,007-G3-2021,7,G3,2021-22,88,Bloc B-09
51,007-G4-2021,7,G4,2021-22,98,Bloc A-05
52,007-G5-2021,7,G5,2021-22,93,Bloc B-03
53,008-M1-2021,8,M1,2021-22,63,Bloc B-09
54,008-M2-2021,8,M2,2021-22,89,Bloc A-10
55,009-M1-2021,9,M1,2021-22,60,Bloc D-01
56,009-M2-2021,9,M2,2021-22,47,Bloc C-05
57,010-BTS1-2021,10,BTS1,2021-22,55,Bloc A-04
58,010-BTS2-2021,10,BTS2,2021-22,96,Bloc A-02
59,001-L1-2022,1,L1,2022-23,86,Bloc D-02
60,001-L2-2022,1,L2,2022-23,88,Bloc B-03
61,001-L3-2022,1,L3,2022-23,82,Bloc D-09
62,002-L1-2022,2,L1,2022-23,50,Bloc C-09
63,002-L2-2022,2,L2,2022-23,95,Bloc D-04
64,002-L3-2022,2,L3,2022-23,99,Bloc B-05
65,003-L1-2022,3,L1,2022-23,65,Bloc C-08
66,003-L2-2022,3,L2,2022-23,97,Bloc D-02
67,003-L3-2022,3,L3,2022-23,55,Bloc B-02
68,004-L1-2022,4,L1,2022-23,61,Bloc A-10
69,004-L2-2022,4,L2,2022-23,75,Bloc B-10
70,004-L3-2022,4,L3,2022-23,54,Bloc A-02
71,005-L1-2022,5,L1,2022-23,85,Bloc A-04
72,005-L2-2022,5,L2,2022-23,44,Bloc A-06
73,005-L3-2022,5,L3,2022-23,44,Bloc B-05
74,006-L1-2022,6,L1,2022-23,82,Bloc D-04
75,006-L2-2022,6,L2,2022-23,74,Bloc B-10
76,006-L3-2022,6,L3,2022-23,76,Bloc D-04
77,007-G1-2022,7,G1,2022-23,90,Bloc D-07
78,007-G2-2022,7,G2,2022-23,52,Bloc A-02
79,007-G3-2022,7,G3,2022-23,82,Bloc D-06
80,007-G4-2022,7,G4,2022-23,67,Bloc D-08
81,007-G5-2022,7,G5,2022-23,95,Bloc A-02
82,008-M1-2022,8,M1,2022-23,43,Bloc D-06
83,008-M2-2022,8,M2,2022-23,91,Bloc A-04
84,009-M1-2022,9,M1,2022-23,52,Bloc B-09
85,009-M2-2022,9,M2,2022-23,68,Bloc B-07
86,010-BTS1-2022,10,BTS1,2022-23,51,Bloc C-08
87,010-BTS2-2022,10,BTS2,2022-23,55,Bloc A-08
88,001-L1-2023,1,L1,2023-24,91,Bloc A-01
89,001-L2-2023,1,L2,2023-24,81,Bloc A-02
90,001-L3-2023,1,L3,2023-24,99,Bloc B-03
91,002-L1-2023,2,L1,2023-24,66,Bloc D-08
92,002-L2-2023,2,L2,2023-24,53,Bloc D-01
93,002-L3-2023,2,L3,2023-24,50,Bloc D-01
94,003-L1-2023,3,L1,2023-24,64,Bloc C-08
95,003-L2-2023,3,L2,2023-24,58,Bloc D-09
96,003-L3-2023,3,L3,2023-24,82,Bloc D-03
97,004-L1-2023,4,L1,2023-24,52,Bloc C-04
98,004-L2-2023,4,L2,2023-24,43,Bloc A-06
99,004-L3-2023,4,L3,2023-24,43,Bloc A-10
100,005-L1-2023,5,L1,2023-24,70,Bloc B-01
101,005-L2-2023,5,L2,2023-24,72,Bloc A-03
102,005-L3-2023,5,L3,2023-24,44,Bloc A-04
103,006-L1-2023,6,L1,2023-24,65,Bloc A-10
104,006-L2-2023,6,L2,2023-24,55,Bloc A-10
105,006-L3-2023,6,L3,2023-24,45,Bloc D-10
106,007-G1-2023,7,G1,2023-24,76,Bloc C-05
107,007-G2-2023,7,G2,2023-24,53,Bloc C-04
108,007-G3-2023,7,G3,2023-24,56,Bloc D-03
109,007-G4-2023,7,G4,2023-24,82,Bloc C-08
110,007-G5-2023,7,G5,2023-24,60,Bloc A-01
111,008-M1-2023,8,M1,2023-24,69,Bloc A-02
112,008-M2-2023,8,M2,2023-24,74,Bloc B-09
113,009-M1-2023,9,M1,2023-24,56,Bloc B-06
114,009-M2-2023,9,M2,2023-24,96,Bloc A-04
115,010-BTS1-2023,10,BTS1,2023-24,63,Bloc C-03
116,010-BTS2-2023,10,BTS2,2023-24,68,Bloc C-10
