id_etudiant,isolement_social,victime_harcelement,difficultes_financieres_recurrentes,estime_de_soi,frequence_etude_lecons,score_risque,niveau_risque
1,0,0,0,Élevée,Parfois,0,Risque faible
2,1,0,1,Moyenne,Parfois,6,Risque élevé
3,0,0,0,Élevée,Régulièrement,0,Risque faible
4,1,0,1,Faible,Intensivement,7,Risque élevé
5,1,0,0,Faible,Jamais,8,Risque élevé
6,0,0,1,Moyenne,Intensivement,5,Risque modéré
7,0,0,0,Élevée,Régulièrement,1,Risque faible
8,0,0,1,Moyenne,Parfois,4,Risque modéré
9,0,0,0,Faible,Régulièrement,3,Risque modéré
10,0,0,0,Élevée,Intensivement,0,Risque faible
11,0,0,0,Élevée,Jamais,4,Risque modéré
12,0,0,0,Moyenne,Régulièrement,2,Risque faible
13,0,0,0,Élevée,Rarement,2,Risque faible
14,0,0,0,Faible,Jamais,6,Risque élevé
15,0,0,0,Moyenne,Régulièrement,3,Risque modéré
16,0,0,0,Faible,Intensivement,4,Risque modéré
17,0,0,0,Élevée,Parfois,2,Risque faible
18,0,1,1,Élevée,Parfois,5,Risque modéré
19,0,0,0,Faible,Régulièrement,4,Risque modéré
20,0,0,0,Moyenne,Régulièrement,2,Risque faible
21,0,0,0,Élevée,Rarement,2,Risque faible
22,0,0,1,Moyenne,Rarement,6,Risque élevé
23,0,1,1,Moyenne,Rarement,7,Risque élevé
24,1,0,0,Faible,Régulièrement,4,Risque modéré
25,0,0,0,Moyenne,Régulièrement,1,Risque faible
26,0,0,0,Élevée,Rarement,1,Risque faible
27,0,0,0,Moyenne,Rarement,3,Risque modéré
28,0,0,1,Élevée,Régulièrement,4,Risque modéré
29,0,0,1,Élevée,Intensivement,3,Risque modéré
30,1,0,0,Faible,Intensivement,6,Risque élevé
31,0,0,1,Moyenne,Intensivement,4,Risque modéré
32,0,0,0,Moyenne,Rarement,3,Risque modéré
33,0,1,0,Élevée,Parfois,3,Risque modéré
34,0,0,0,Élevée,Intensivement,1,Risque faible
35,0,0,1,Élevée,Intensivement,2,Risque faible
36,0,0,0,Élevée,Parfois,0,Risque faible
37,0,0,1,Faible,Intensivement,4,Risque modéré
38,0,0,1,Moyenne,Régulièrement,5,Risque modéré
39,1,0,0,Moyenne,Intensivement,4,Risque modéré
40,0,0,0,Moyenne,Parfois,2,Risque faible
41,1,0,0,Faible,Régulièrement,5,Risque modéré
42,0,0,0,Moyenne,Parfois,1,Risque faible
43,0,0,1,Moyenne,Régulièrement,4,Risque modéré
44,0,0,1,Élevée,Parfois,4,Risque modéré
45,0,1,1,Faible,Parfois,7,Risque élevé
46,0,0,0,Moyenne,Jamais,5,Risque modéré
47,0,1,1,Faible,Régulièrement,8,Risque élevé
48,0,0,0,Moyenne,Parfois,3,Risque modéré
49,0,0,0,Faible,Parfois,3,Risque modéré
50,0,0,1,Élevée,Parfois,3,Risque modéré
51,0,0,1,Moyenne,Parfois,4,Risque modéré
52,0,0,0,Élevée,Intensivement,0,Risque faible
53,0,0,0,Moyenne,Rarement,4,Risque modéré
54,0,0,0,Moyenne,Intensivement,2,Risque faible
55,0,0,0,Élevée,Parfois,1,Risque faible
56,0,0,1,Moyenne,Régulièrement,5,Risque modéré
57,0,0,1,Élevée,Rarement,5,Risque modéré
58,1,0,0,Élevée,Régulièrement,2,Risque faible
59,1,0,0,Faible,Parfois,4,Risque modéré
60,0,0,0,Moyenne,Parfois,1,Risque faible
61,0,0,0,Moyenne,Intensivement,1,Risque faible
62,0,0,0,Élevée,Intensivement,1,Risque faible
63,1,0,0,Moyenne,Rarement,5,Risque modéré
64,0,0,1,Moyenne,Jamais,7,Risque élevé
65,0,0,0,Élevée,Régulièrement,0,Risque faible
66,0,0,0,Faible,Régulièrement,4,Risque modéré
67,0,0,0,Moyenne,Intensivement,2,Risque faible
68,0,0,1,Faible,Intensivement,5,Risque modéré
69,0,0,1,Moyenne,Intensivement,4,Risque modéré
70,0,0,0,Moyenne,Régulièrement,2,Risque faible
71,0,0,0,Moyenne,Régulièrement,2,Risque faible
72,0,0,0,Élevée,Régulièrement,1,Risque faible
73,0,1,1,Moyenne,Parfois,6,Risque élevé
74,1,0,1,Faible,Jamais,10,Très haut risque
75,0,0,0,Élevée,Rarement,1,Risque faible
76,0,0,0,Moyenne,Jamais,4,Risque modéré
77,1,0,0,Moyenne,Régulièrement,4,Risque modéré
78,0,0,0,Élevée,Régulièrement,0,Risque faible
79,0,0,0,Moyenne,Intensivement,3,Risque modéré
80,0,1,0,Moyenne,Régulièrement,4,Risque modéré
81,0,0,0,Moyenne,Intensivement,3,Risque modéré
82,0,0,0,Élevée,Parfois,0,Risque faible
83,0,0,0,Faible,Parfois,3,Risque modéré
84,0,0,1,Faible,Parfois,6,Risque élevé
85,0,0,0,Élevée,Parfois,1,Risque faible
86,1,0,1,Faible,Régulièrement,7,Risque élevé
87,0,0,1,Élevée,Régulièrement,3,Risque modéré
88,0,0,1,Moyenne,Intensivement,4,Risque modéré
89,0,0,0,Moyenne,Parfois,2,Risque faible
90,0,0,1,Moyenne,Régulièrement,4,Risque modéré
91,0,0,1,Moyenne,Jamais,7,Risque élevé
92,0,1,0,Moyenne,Rarement,5,Risque modéré
93,1,0,0,Moyenne,Intensivement,3,Risque modéré
94,0,0,0,Élevée,Parfois,1,Risque faible
95,0,0,0,Moyenne,Régulièrement,3,Risque modéré
96,0,0,0,Élevée,Régulièrement,0,Risque faible
97,1,0,0,Moyenne,Parfois,5,Risque modéré
98,0,0,0,Moyenne,Intensivement,2,Risque faible
99,0,0,0,Élevée,Régulièrement,1,Risque faible
100,0,0,1,Moyenne,Régulièrement,4,Risque modéré
101,0,0,0,Moyenne,Intensivement,1,Risque faible
102,0,0,0,Moyenne,Régulièrement,2,Risque faible
103,0,0,0,Moyenne,Régulièrement,2,Risque faible
104,1,0,0,Moyenne,Parfois,4,Risque modéré
105,0,0,0,Élevée,Parfois,0,Risque faible
106,0,1,0,Faible,Régulièrement,6,Risque élevé
107,0,0,1,Moyenne,Parfois,4,Risque modéré
108,0,0,1,Élevée,Parfois,3,Risque modéré
109,0,0,1,Faible,Intensivement,5,Risque modéré
110,0,0,0,Élevée,Régulièrement,2,Risque faible
111,0,0,1,Élevée,Rarement,4,Risque modéré
112,0,0,0,Élevée,Intensivement,0,Risque faible
113,0,0,0,Moyenne,Rarement,3,Risque modéré
114,0,0,0,Moyenne,Parfois,2,Risque faible
115,0,0,1,Élevée,Régulièrement,3,Risque modéré
116,0,0,0,Élevée,Régulièrement,1,Risque faible
117,0,0,0,Élevée,Régulièrement,1,Risque faible
118,0,0,0,Faible,Intensivement,3,Risque modéré
119,0,0,0,Élevée,Jamais,3,Risque modéré
120,0,0,0,Moyenne,Régulièrement,1,Risque faible
121,0,0,1,Élevée,Intensivement,4,Risque modéré
122,0,0,0,Moyenne,Régulièrement,3,Risque modéré
123,0,0,0,Moyenne,Rarement,4,Risque modéré
124,0,0,0,Élevée,Intensivement,2,Risque faible
125,0,0,0,Moyenne,Régulièrement,3,Risque modéré
126,0,0,0,Élevée,Parfois,1,Risque faible
127,0,0,0,Moyenne,Régulièrement,3,Risque modéré
128,0,0,0,Élevée,Régulièrement,0,Risque faible
129,0,0,1,Moyenne,Parfois,5,Risque modéré
130,0,0,1,Moyenne,Parfois,5,Risque modéré
131,0,0,1,Moyenne,Régulièrement,4,Risque modéré
132,0,0,0,Élevée,Rarement,2,Risque faible
133,0,0,0,Moyenne,Rarement,4,Risque modéré
134,0,0,1,Moyenne,Régulièrement,4,Risque modéré
135,0,0,0,Élevée,Parfois,0,Risque faible
136,0,0,0,Élevée,Régulièrement,0,Risque faible
137,0,0,0,Moyenne,Intensivement,2,Risque faible
138,0,1,1,Moyenne,Régulièrement,7,Risque élevé
139,0,0,0,Élevée,Régulièrement,0,Risque faible
140,0,0,1,Faible,Parfois,6,Risque élevé
141,0,0,0,Moyenne,Parfois,1,Risque faible
142,0,0,0,Élevée,Intensivement,1,Risque faible
143,0,1,0,Élevée,Régulièrement,4,Risque modéré
144,0,0,0,Élevée,Régulièrement,1,Risque faible
145,0,0,1,Élevée,Régulièrement,3,Risque modéré
146,0,0,1,Faible,Jamais,8,Risque élevé
147,0,0,0,Moyenne,Intensivement,1,Risque faible
148,0,0,0,Élevée,Parfois,1,Risque faible
149,0,0,0,Moyenne,Intensivement,3,Risque modéré
150,0,0,0,Faible,Régulièrement,3,Risque modéré
151,0,0,0,Moyenne,Régulièrement,2,Risque faible
152,0,0,0,Moyenne,Régulièrement,2,Risque faible
153,0,0,0,Élevée,Jamais,3,Risque modéré
154,0,0,0,Faible,Intensivement,3,Risque modéré
155,0,0,0,Faible,Régulièrement,4,Risque modéré
156,0,0,1,Moyenne,Régulièrement,5,Risque modéré
157,0,0,1,Moyenne,Parfois,4,Risque modéré
158,1,0,1,Faible,Parfois,7,Risque élevé
159,0,0,1,Moyenne,Intensivement,4,Risque modéré
160,0,0,0,Élevée,Rarement,3,Risque modéré
161,0,0,0,Élevée,Intensivement,0,Risque faible
162,0,0,1,Moyenne,Régulièrement,4,Risque modéré
163,0,0,1,Moyenne,Jamais,7,Risque élevé
164,0,0,0,Moyenne,Parfois,3,Risque modéré
165,0,0,0,Moyenne,Jamais,4,Risque modéré
166,1,0,1,Faible,Jamais,10,Très haut risque
167,0,0,0,Moyenne,Régulièrement,1,Risque faible
168,0,0,0,Moyenne,Régulièrement,2,Risque faible
169,0,0,1,Élevée,Régulièrement,3,Risque modéré
170,0,0,0,Moyenne,Parfois,2,Risque faible
171,1,0,0,Moyenne,Jamais,6,Risque élevé
172,0,0,0,Élevée,Rarement,2,Risque faible
173,0,0,1,Faible,Intensivement,5,Risque modéré
174,0,0,1,Élevée,Régulièrement,3,Risque modéré
175,0,0,0,Élevée,Intensivement,0,Risque faible
176,0,0,0,Élevée,Intensivement,0,Risque faible
177,0,0,0,Élevée,Régulièrement,2,Risque faible
178,0,0,0,Faible,Parfois,4,Risque modéré
179,0,0,0,Élevée,Régulièrement,0,Risque faible
180,1,0,0,Moyenne,Intensivement,3,Risque modéré
181,0,0,0,Faible,Régulièrement,4,Risque modéré
182,0,0,0,Élevée,Parfois,0,Risque faible
183,0,0,0,Faible,Parfois,2,Risque faible
184,1,0,0,Faible,Régulièrement,5,Risque modéré
185,0,0,1,Faible,Régulièrement,6,Risque élevé
186,1,0,0,Moyenne,Régulièrement,3,Risque modéré
187,0,0,0,Élevée,Parfois,2,Risque faible
188,1,0,0,Moyenne,Parfois,5,Risque modéré
189,1,0,0,Moyenne,Parfois,3,Risque modéré
190,0,0,1,Moyenne,Parfois,5,Risque modéré
191,0,0,0,Moyenne,Parfois,2,Risque faible
192,0,0,0,Moyenne,Régulièrement,2,Risque faible
193,0,0,1,Faible,Parfois,6,Risque élevé
194,0,0,0,Faible,Parfois,3,Risque modéré
195,1,0,0,Moyenne,Parfois,5,Risque modéré
196,0,0,1,Moyenne,Rarement,6,Risque élevé
197,0,0,0,Élevée,Régulièrement,1,Risque faible
198,0,0,0,Élevée,Parfois,2,Risque faible
199,1,0,0,Moyenne,Régulièrement,4,Risque modéré
200,0,0,0,Élevée,Régulièrement,0,Risque faible
201,0,0,0,Moyenne,Régulièrement,3,Risque modéré
202,0,0,0,Élevée,Intensivement,1,Risque faible
203,0,0,1,Élevée,Régulièrement,3,Risque modéré
204,0,0,1,Élevée,Parfois,4,Risque modéré
205,1,0,1,Moyenne,Régulièrement,7,Risque élevé
206,0,0,0,Moyenne,Parfois,2,Risque faible
207,0,0,1,Moyenne,Régulièrement,5,Risque modéré
208,0,1,1,Faible,Rarement,9,Très haut risque
209,0,0,0,Faible,Rarement,5,Risque modéré
210,0,0,0,Moyenne,Rarement,3,Risque modéré
211,0,0,0,Moyenne,Régulièrement,1,Risque faible
212,0,0,0,Faible,Rarement,4,Risque modéré
213,0,0,0,Faible,Régulièrement,3,Risque modéré
214,0,0,1,Élevée,Parfois,3,Risque modéré
215,0,0,1,Moyenne,Parfois,4,Risque modéré
216,1,0,0,Faible,Parfois,5,Risque modéré
217,0,0,0,Moyenne,Parfois,2,Risque faible
218,1,0,0,Faible,Régulièrement,5,Risque modéré
219,0,0,0,Moyenne,Parfois,2,Risque faible
220,0,0,0,Moyenne,Parfois,2,Risque faible
221,0,0,0,Moyenne,Parfois,2,Risque faible
222,0,1,0,Élevée,Intensivement,2,Risque faible
223,0,0,0,Élevée,Régulièrement,0,Risque faible
224,0,0,1,Moyenne,Jamais,6,Risque élevé
225,1,0,1,Faible,Parfois,7,Risque élevé
226,0,0,0,Moyenne,Intensivement,2,Risque faible
227,0,0,1,Moyenne,Régulièrement,4,Risque modéré
228,0,0,0,Élevée,Intensivement,0,Risque faible
229,0,0,0,Élevée,Régulièrement,1,Risque faible
230,1,0,0,Moyenne,Parfois,4,Risque modéré
231,0,0,0,Moyenne,Régulièrement,3,Risque modéré
232,0,0,0,Élevée,Régulièrement,0,Risque faible
233,0,0,0,Élevée,Intensivement,1,Risque faible
234,0,0,0,Moyenne,Régulièrement,2,Risque faible
235,1,0,0,Moyenne,Intensivement,4,Risque modéré
236,0,0,1,Moyenne,Parfois,4,Risque modéré
237,0,0,1,Élevée,Parfois,2,Risque faible
238,0,0,0,Moyenne,Régulièrement,3,Risque modéré
239,0,0,0,Élevée,Intensivement,1,Risque faible
240,0,0,0,Moyenne,Régulièrement,2,Risque faible
241,0,0,1,Élevée,Parfois,4,Risque modéré
242,0,0,0,Élevée,Rarement,2,Risque faible
243,0,0,1,Moyenne,Rarement,6,Risque élevé
244,1,0,0,Faible,Rarement,7,Risque élevé
245,0,0,0,Élevée,Régulièrement,0,Risque faible
246,0,0,0,Moyenne,Régulièrement,3,Risque modéré
247,0,0,0,Élevée,Jamais,4,Risque modéré
248,1,0,1,Moyenne,Régulièrement,6,Risque élevé
249,0,0,0,Moyenne,Parfois,2,Risque faible
250,0,1,0,Moyenne,Parfois,4,Risque modéré
251,0,0,0,Moyenne,Intensivement,2,Risque faible
252,0,0,0,Élevée,Régulièrement,0,Risque faible
253,0,1,0,Élevée,Jamais,6,Risque élevé
254,1,0,0,Élevée,Parfois,2,Risque faible
255,0,0,0,Élevée,Régulièrement,1,Risque faible
256,0,0,1,Faible,Rarement,7,Risque élevé
257,1,0,0,Moyenne,Intensivement,3,Risque modéré
258,0,0,0,Élevée,Régulièrement,1,Risque faible
259,0,0,0,Moyenne,Parfois,3,Risque modéré
260,0,0,0,Moyenne,Régulièrement,1,Risque faible
261,1,0,0,Faible,Intensivement,5,Risque modéré
262,0,0,0,Moyenne,Régulièrement,2,Risque faible
263,0,0,0,Moyenne,Parfois,2,Risque faible
264,0,0,0,Moyenne,Régulièrement,2,Risque faible
265,0,0,0,Moyenne,Jamais,4,Risque modéré
266,1,0,0,Faible,Intensivement,5,Risque modéré
267,0,0,0,Élevée,Rarement,3,Risque modéré
268,0,0,0,Faible,Parfois,3,Risque modéré
269,0,0,0,Moyenne,Rarement,4,Risque modéré
270,0,0,1,Élevée,Régulièrement,3,Risque modéré
271,0,0,0,Moyenne,Régulièrement,3,Risque modéré
272,0,0,1,Élevée,Régulièrement,3,Risque modéré
273,0,0,0,Moyenne,Régulièrement,1,Risque faible
274,0,0,1,Faible,Parfois,6,Risque élevé
275,0,0,0,Faible,Intensivement,3,Risque modéré
276,0,0,0,Moyenne,Régulièrement,3,Risque modéré
277,0,0,0,Élevée,Régulièrement,1,Risque faible
278,0,0,1,Élevée,Régulièrement,4,Risque modéré
279,0,0,0,Élevée,Régulièrement,1,Risque faible
280,0,0,0,Élevée,Régulièrement,0,Risque faible
281,1,0,0,Moyenne,Jamais,6,Risque élevé
282,1,0,1,Moyenne,Jamais,9,Très haut risque
283,0,1,1,Moyenne,Régulièrement,7,Risque élevé
284,0,0,1,Faible,Régulièrement,6,Risque élevé
285,0,0,0,Élevée,Rarement,2,Risque faible
286,0,0,0,Élevée,Intensivement,0,Risque faible
287,0,0,0,Moyenne,Régulièrement,2,Risque faible
288,0,0,1,Moyenne,Régulièrement,4,Risque modéré
289,1,0,1,Faible,Régulièrement,8,Risque élevé
290,0,0,0,Moyenne,Régulièrement,2,Risque faible
291,1,0,1,Moyenne,Parfois,7,Risque élevé
292,0,0,1,Moyenne,Régulièrement,5,Risque modéré
293,0,0,0,Élevée,Régulièrement,1,Risque faible
294,1,0,0,Faible,Parfois,5,Risque modéré
295,1,0,1,Moyenne,Parfois,6,Risque élevé
296,0,0,0,Faible,Régulièrement,3,Risque modéré
297,0,0,0,Élevée,Parfois,1,Risque faible
298,1,0,0,Faible,Parfois,5,Risque modéré
299,0,0,0,Moyenne,Parfois,2,Risque faible
300,1,0,0,Moyenne,Jamais,6,Risque élevé
301,1,0,1,Faible,Parfois,7,Risque élevé
302,0,0,0,Élevée,Parfois,1,Risque faible
303,0,0,1,Faible,Rarement,6,Risque élevé
304,0,1,1,Faible,Rarement,9,Très haut risque
305,0,0,0,Élevée,Intensivement,0,Risque faible
306,1,0,0,Faible,Rarement,7,Risque élevé
307,0,0,0,Moyenne,Régulièrement,2,Risque faible
308,0,0,1,Moyenne,Intensivement,4,Risque modéré
309,0,0,0,Faible,Intensivement,3,Risque modéré
310,0,0,1,Moyenne,Parfois,5,Risque modéré
311,0,0,0,Moyenne,Régulièrement,2,Risque faible
312,0,0,1,Moyenne,Rarement,6,Risque élevé
313,1,0,1,Moyenne,Jamais,8,Risque élevé
314,0,0,0,Faible,Régulièrement,3,Risque modéré
315,0,0,0,Élevée,Parfois,0,Risque faible
316,0,0,0,Élevée,Parfois,2,Risque faible
317,0,0,1,Moyenne,Parfois,4,Risque modéré
318,0,0,0,Moyenne,Régulièrement,2,Risque faible
319,1,0,1,Faible,Jamais,10,Très haut risque
320,0,0,0,Élevée,Jamais,4,Risque modéré
321,0,0,0,Moyenne,Parfois,1,Risque faible
322,0,0,1,Moyenne,Rarement,6,Risque élevé
323,0,0,1,Moyenne,Intensivement,4,Risque modéré
324,0,0,0,Élevée,Rarement,1,Risque faible
325,0,0,0,Élevée,Régulièrement,1,Risque faible
326,0,0,0,Faible,Rarement,4,Risque modéré
327,0,0,1,Moyenne,Rarement,6,Risque élevé
328,0,0,0,Moyenne,Intensivement,1,Risque faible
329,0,0,0,Élevée,Intensivement,1,Risque faible
330,0,0,0,Élevée,Régulièrement,0,Risque faible
331,0,0,0,Moyenne,Intensivement,2,Risque faible
332,0,0,0,Moyenne,Rarement,2,Risque faible
333,0,0,0,Moyenne,Rarement,4,Risque modéré
334,0,0,0,Élevée,Rarement,3,Risque modéré
335,0,0,1,Faible,Intensivement,6,Risque élevé
336,1,0,0,Faible,Régulièrement,5,Risque modéré
337,0,0,1,Faible,Régulièrement,6,Risque élevé
338,0,0,0,Moyenne,Régulièrement,2,Risque faible
339,1,0,1,Faible,Parfois,8,Risque élevé
340,0,0,0,Faible,Parfois,3,Risque modéré
341,0,0,1,Moyenne,Rarement,6,Risque élevé
342,0,0,0,Moyenne,Parfois,2,Risque faible
343,0,0,0,Moyenne,Parfois,2,Risque faible
344,0,0,1,Moyenne,Intensivement,4,Risque modéré
345,1,0,1,Faible,Parfois,8,Risque élevé
346,1,0,0,Moyenne,Parfois,3,Risque modéré
347,1,0,0,Moyenne,Rarement,5,Risque modéré
348,0,0,0,Moyenne,Intensivement,1,Risque faible
349,0,0,0,Moyenne,Jamais,3,Risque modéré
350,0,0,0,Élevée,Jamais,2,Risque faible
351,0,0,1,Élevée,Parfois,4,Risque modéré
352,1,0,0,Faible,Régulièrement,5,Risque modéré
353,1,0,0,Faible,Régulièrement,5,Risque modéré
354,0,0,1,Moyenne,Parfois,4,Risque modéré
355,0,0,0,Moyenne,Parfois,2,Risque faible
356,1,0,0,Faible,Régulièrement,4,Risque modéré
357,0,0,0,Moyenne,Parfois,2,Risque faible
358,0,0,1,Moyenne,Régulièrement,5,Risque modéré
359,0,0,0,Élevée,Jamais,3,Risque modéré
360,0,0,0,Faible,Régulièrement,3,Risque modéré
361,0,0,0,Moyenne,Parfois,2,Risque faible
362,0,0,0,Moyenne,Intensivement,1,Risque faible
363,0,0,1,Moyenne,Parfois,5,Risque modéré
364,1,0,0,Moyenne,Parfois,4,Risque modéré
365,1,0,0,Moyenne,Rarement,6,Risque élevé
366,0,0,0,Moyenne,Régulièrement,2,Risque faible
367,0,0,0,Moyenne,Régulièrement,2,Risque faible
368,0,0,0,Moyenne,Intensivement,1,Risque faible
369,0,0,1,Élevée,Parfois,3,Risque modéré
370,1,0,0,Moyenne,Parfois,4,Risque modéré
371,0,0,0,Moyenne,Régulièrement,1,Risque faible
372,0,1,0,Élevée,Parfois,3,Risque modéré
373,0,0,0,Faible,Régulièrement,3,Risque modéré
374,0,0,0,Élevée,Régulièrement,1,Risque faible
375,0,0,0,Élevée,Régulièrement,0,Risque faible
376,0,0,0,Moyenne,Intensivement,3,Risque modéré
377,0,0,0,Faible,Rarement,5,Risque modéré
378,0,0,1,Moyenne,Jamais,6,Risque élevé
379,1,0,1,Élevée,Parfois,5,Risque modéré
380,0,0,0,Moyenne,Intensivement,3,Risque modéré
381,0,0,0,Faible,Parfois,3,Risque modéré
382,0,1,1,Élevée,Régulièrement,6,Risque élevé
383,0,0,0,Élevée,Parfois,0,Risque faible
384,0,0,0,Faible,Parfois,2,Risque faible
385,0,0,1,Moyenne,Régulièrement,5,Risque modéré
386,0,0,0,Moyenne,Jamais,5,Risque modéré
387,0,0,0,Moyenne,Intensivement,1,Risque faible
388,1,0,1,Moyenne,Rarement,8,Risque élevé
389,0,0,0,Élevée,Régulièrement,0,Risque faible
390,0,0,0,Élevée,Régulièrement,0,Risque faible
391,0,0,0,Faible,Régulièrement,4,Risque modéré
392,0,0,1,Moyenne,Rarement,6,Risque élevé
393,0,0,0,Élevée,Rarement,3,Risque modéré
394,0,0,1,Moyenne,Intensivement,5,Risque modéré
395,0,0,0,Élevée,Intensivement,0,Risque faible
396,0,0,0,Moyenne,Intensivement,2,Risque faible
397,0,0,0,Moyenne,Parfois,2,Risque faible
398,0,0,0,Moyenne,Parfois,1,Risque faible
399,0,0,0,Élevée,Rarement,2,Risque faible
400,0,0,0,Moyenne,Régulièrement,2,Risque faible
401,1,0,1,Faible,Parfois,8,Risque élevé
402,0,0,0,Élevée,Régulièrement,0,Risque faible
403,0,1,0,Moyenne,Parfois,4,Risque modéré
404,0,0,0,Moyenne,Rarement,3,Risque modéré
405,0,0,0,Élevée,Jamais,3,Risque modéré
406,0,0,0,Élevée,Parfois,0,Risque faible
407,0,0,1,Faible,Parfois,5,Risque modéré
408,0,0,1,Moyenne,Parfois,4,Risque modéré
409,0,0,0,Élevée,Régulièrement,0,Risque faible
410,0,0,0,Élevée,Intensivement,1,Risque faible
411,0,0,0,Élevée,Parfois,1,Risque faible
412,1,0,1,Moyenne,Parfois,7,Risque élevé
413,0,0,1,Moyenne,Rarement,6,Risque élevé
414,0,0,1,Moyenne,Parfois,5,Risque modéré
415,0,0,0,Élevée,Rarement,2,Risque faible
416,0,0,0,Moyenne,Régulièrement,2,Risque faible
417,0,0,0,Moyenne,Régulièrement,2,Risque faible
418,0,0,0,Élevée,Régulièrement,0,Risque faible
419,0,0,0,Moyenne,Régulièrement,2,Risque faible
420,0,0,1,Faible,Régulièrement,6,Risque élevé
421,0,0,0,Faible,Parfois,4,Risque modéré
422,0,0,0,Moyenne,Régulièrement,1,Risque faible
423,0,0,0,Moyenne,Régulièrement,1,Risque faible
424,0,0,1,Élevée,Parfois,4,Risque modéré
425,0,0,0,Élevée,Parfois,1,Risque faible
426,0,0,0,Moyenne,Intensivement,1,Risque faible
427,1,0,0,Moyenne,Parfois,5,Risque modéré
428,0,0,0,Élevée,Parfois,0,Risque faible
429,1,0,1,Faible,Régulièrement,7,Risque élevé
430,0,0,0,Moyenne,Rarement,3,Risque modéré
431,0,0,0,Moyenne,Intensivement,2,Risque faible
432,0,0,0,Moyenne,Rarement,4,Risque modéré
433,0,0,0,Moyenne,Parfois,2,Risque faible
434,0,0,0,Moyenne,Intensivement,2,Risque faible
435,0,0,0,Faible,Parfois,3,Risque modéré
436,0,0,0,Moyenne,Rarement,3,Risque modéré
437,0,0,0,Élevée,Régulièrement,0,Risque faible
438,0,0,0,Élevée,Parfois,1,Risque faible
439,0,0,0,Faible,Régulièrement,3,Risque modéré
440,0,0,1,Faible,Régulièrement,6,Risque élevé
441,0,0,0,Faible,Intensivement,4,Risque modéré
442,0,0,1,Élevée,Régulièrement,4,Risque modéré
443,0,0,0,Moyenne,Parfois,2,Risque faible
444,0,0,0,Faible,Intensivement,3,Risque modéré
445,0,0,1,Élevée,Parfois,3,Risque modéré
446,1,0,1,Moyenne,Parfois,6,Risque élevé
447,0,0,0,Moyenne,Régulièrement,3,Risque modéré
448,0,0,1,Faible,Rarement,7,Risque élevé
449,0,0,0,Moyenne,Régulièrement,1,Risque faible
450,0,0,1,Moyenne,Rarement,6,Risque élevé
451,0,0,0,Faible,Parfois,3,Risque modéré
452,0,0,0,Élevée,Régulièrement,1,Risque faible
453,0,0,0,Élevée,Intensivement,0,Risque faible
454,1,0,1,Faible,Rarement,9,Très haut risque
455,0,0,0,Élevée,Jamais,3,Risque modéré
456,0,0,0,Élevée,Régulièrement,0,Risque faible
457,1,0,1,Faible,Parfois,8,Risque élevé
458,1,0,1,Faible,Rarement,9,Très haut risque
459,0,0,0,Faible,Intensivement,2,Risque faible
460,0,0,0,Moyenne,Régulièrement,1,Risque faible
461,1,0,1,Faible,Intensivement,8,Risque élevé
462,0,0,1,Élevée,Rarement,4,Risque modéré
463,0,0,0,Moyenne,Intensivement,2,Risque faible
464,0,0,1,Élevée,Parfois,3,Risque modéré
465,0,0,0,Élevée,Intensivement,1,Risque faible
466,0,0,0,Faible,Rarement,5,Risque modéré
467,0,0,0,Élevée,Régulièrement,1,Risque faible
468,0,0,0,Élevée,Régulièrement,0,Risque faible
469,0,0,0,Élevée,Régulièrement,0,Risque faible
470,1,0,0,Faible,Jamais,7,Risque élevé
471,0,0,1,Élevée,Intensivement,3,Risque modéré
472,0,0,0,Élevée,Régulièrement,2,Risque faible
473,0,0,0,Élevée,Parfois,0,Risque faible
474,0,0,0,Faible,Parfois,4,Risque modéré
475,0,0,1,Faible,Rarement,6,Risque élevé
476,0,0,0,Élevée,Régulièrement,0,Risque faible
477,0,0,0,Moyenne,Parfois,1,Risque faible
478,0,0,0,Moyenne,Régulièrement,1,Risque faible
479,0,0,1,Moyenne,Rarement,6,Risque élevé
480,1,0,0,Faible,Rarement,7,Risque élevé
481,0,0,0,Moyenne,Parfois,2,Risque faible
482,1,0,1,Moyenne,Régulièrement,6,Risque élevé
483,0,0,0,Élevée,Intensivement,0,Risque faible
484,0,0,0,Faible,Jamais,5,Risque modéré
485,0,0,0,Moyenne,Régulièrement,3,Risque modéré
486,0,0,1,Moyenne,Parfois,4,Risque modéré
487,0,0,1,Faible,Parfois,6,Risque élevé
488,1,0,0,Faible,Rarement,7,Risque élevé
489,1,0,0,Faible,Parfois,6,Risque élevé
490,1,0,0,Moyenne,Rarement,5,Risque modéré
491,0,0,0,Moyenne,Régulièrement,1,Risque faible
492,1,0,0,Moyenne,Parfois,4,Risque modéré
493,0,0,1,Élevée,Régulièrement,4,Risque modéré
494,0,0,0,Moyenne,Régulièrement,2,Risque faible
495,0,0,0,Faible,Intensivement,3,Risque modéré
496,0,0,0,Élevée,Rarement,2,Risque faible
497,0,0,0,Moyenne,Régulièrement,2,Risque faible
498,0,0,0,Moyenne,Régulièrement,1,Risque faible
499,0,0,0,Moyenne,Régulièrement,2,Risque faible
500,0,0,1,Faible,Rarement,6,Risque élevé
501,0,0,0,Faible,Régulièrement,3,Risque modéré
502,0,0,0,Élevée,Jamais,2,Risque faible
503,0,0,0,Élevée,Intensivement,0,Risque faible
504,0,0,0,Moyenne,Rarement,3,Risque modéré
505,0,0,0,Moyenne,Jamais,5,Risque modéré
506,0,0,0,Faible,Régulièrement,4,Risque modéré
507,0,0,0,Élevée,Régulièrement,0,Risque faible
508,0,0,1,Élevée,Jamais,6,Risque élevé
509,0,0,0,Élevée,Régulièrement,0,Risque faible
510,1,0,0,Élevée,Intensivement,3,Risque modéré
511,0,0,1,Faible,Parfois,6,Risque élevé
512,0,0,0,Moyenne,Intensivement,2,Risque faible
513,0,0,0,Élevée,Régulièrement,0,Risque faible
514,0,0,0,Élevée,Intensivement,0,Risque faible
515,0,0,0,Faible,Parfois,3,Risque modéré
516,0,0,1,Moyenne,Parfois,5,Risque modéré
517,0,0,0,Élevée,Rarement,1,Risque faible
518,0,0,0,Élevée,Intensivement,0,Risque faible
519,0,0,0,Faible,Parfois,3,Risque modéré
520,0,0,0,Élevée,Parfois,1,Risque faible
521,0,1,0,Faible,Rarement,7,Risque élevé
522,0,0,0,Moyenne,Rarement,3,Risque modéré
523,0,0,0,Faible,Régulièrement,4,Risque modéré
524,0,0,0,Moyenne,Parfois,3,Risque modéré
525,1,0,0,Élevée,Parfois,2,Risque faible
526,0,0,0,Moyenne,Intensivement,3,Risque modéré
527,0,1,0,Élevée,Régulièrement,4,Risque modéré
528,0,0,0,Élevée,Régulièrement,0,Risque faible
529,0,0,0,Élevée,Régulièrement,1,Risque faible
530,0,1,0,Faible,Intensivement,6,Risque élevé
531,1,1,0,Moyenne,Intensivement,6,Risque élevé
532,0,0,1,Élevée,Rarement,5,Risque modéré
533,0,0,0,Élevée,Parfois,2,Risque faible
534,0,0,0,Moyenne,Intensivement,1,Risque faible
535,0,0,0,Moyenne,Intensivement,2,Risque faible
536,1,0,1,Moyenne,Rarement,8,Risque élevé
537,0,0,0,Élevée,Intensivement,1,Risque faible
538,0,0,0,Moyenne,Parfois,2,Risque faible
539,0,0,0,Moyenne,Parfois,2,Risque faible
540,0,0,0,Faible,Intensivement,2,Risque faible
541,0,0,0,Moyenne,Parfois,1,Risque faible
542,0,0,1,Élevée,Parfois,3,Risque modéré
543,0,0,1,Élevée,Parfois,3,Risque modéré
544,0,0,0,Élevée,Intensivement,0,Risque faible
545,0,0,0,Élevée,Parfois,1,Risque faible
546,0,0,0,Moyenne,Régulièrement,2,Risque faible
547,0,0,0,Élevée,Rarement,2,Risque faible
548,1,0,1,Faible,Parfois,8,Risque élevé
549,0,0,0,Moyenne,Rarement,3,Risque modéré
550,0,0,0,Élevée,Régulièrement,0,Risque faible
551,0,0,0,Élevée,Rarement,2,Risque faible
552,0,0,0,Élevée,Parfois,1,Risque faible
553,1,0,0,Faible,Parfois,5,Risque modéré
554,1,1,1,Faible,Parfois,9,Très haut risque
555,0,0,0,Élevée,Intensivement,0,Risque faible
556,0,0,1,Moyenne,Intensivement,4,Risque modéré
557,0,0,0,Faible,Jamais,6,Risque élevé
558,0,0,1,Faible,Parfois,6,Risque élevé
559,0,0,0,Moyenne,Parfois,2,Risque faible
560,0,0,0,Moyenne,Intensivement,1,Risque faible
561,1,0,1,Faible,Rarement,8,Risque élevé
562,0,0,0,Élevée,Intensivement,0,Risque faible
563,0,0,0,Élevée,Régulièrement,0,Risque faible
564,0,0,0,Moyenne,Régulièrement,2,Risque faible
565,0,0,1,Moyenne,Parfois,4,Risque modéré
566,1,0,1,Faible,Parfois,7,Risque élevé
567,1,0,1,Moyenne,Régulièrement,6,Risque élevé
568,0,0,0,Moyenne,Régulièrement,2,Risque faible
569,0,0,0,Élevée,Régulièrement,0,Risque faible
570,0,0,0,Élevée,Parfois,0,Risque faible
571,0,0,0,Faible,Régulièrement,4,Risque modéré
572,1,0,0,Faible,Intensivement,5,Risque modéré
573,0,0,0,Moyenne,Intensivement,2,Risque faible
574,0,0,1,Élevée,Régulièrement,3,Risque modéré
575,0,1,0,Moyenne,Parfois,4,Risque modéré
576,0,0,0,Élevée,Régulièrement,0,Risque faible
577,0,0,0,Élevée,Régulièrement,0,Risque faible
578,0,0,0,Moyenne,Parfois,2,Risque faible
579,0,0,0,Moyenne,Rarement,3,Risque modéré
580,1,0,1,Moyenne,Intensivement,5,Risque modéré
581,0,0,0,Faible,Jamais,5,Risque modéré
582,0,0,0,Moyenne,Parfois,2,Risque faible
583,0,0,0,Faible,Intensivement,3,Risque modéré
584,0,0,0,Élevée,Parfois,0,Risque faible
585,1,0,1,Moyenne,Parfois,7,Risque élevé
586,0,0,0,Faible,Rarement,5,Risque modéré
587,0,0,0,Moyenne,Régulièrement,2,Risque faible
588,1,0,0,Élevée,Intensivement,2,Risque faible
589,0,0,1,Moyenne,Parfois,5,Risque modéré
590,0,0,0,Moyenne,Régulièrement,2,Risque faible
591,0,0,1,Faible,Régulièrement,6,Risque élevé
592,0,1,1,Élevée,Parfois,6,Risque élevé
593,0,0,1,Moyenne,Parfois,4,Risque modéré
594,0,0,0,Moyenne,Régulièrement,2,Risque faible
595,0,0,0,Élevée,Régulièrement,0,Risque faible
596,0,0,0,Élevée,Parfois,1,Risque faible
597,0,0,1,Élevée,Parfois,3,Risque modéré
598,1,0,0,Élevée,Intensivement,2,Risque faible
599,0,0,1,Moyenne,Parfois,4,Risque modéré
600,0,0,1,Moyenne,Régulièrement,5,Risque modéré
601,0,0,1,Moyenne,Parfois,4,Risque modéré
602,0,0,0,Faible,Régulièrement,3,Risque modéré
603,0,0,0,Moyenne,Régulièrement,2,Risque faible
604,0,0,1,Moyenne,Régulièrement,5,Risque modéré
605,1,0,1,Faible,Intensivement,8,Risque élevé
606,1,0,1,Faible,Intensivement,7,Risque élevé
607,0,0,0,Élevée,Jamais,2,Risque faible
608,0,0,0,Faible,Parfois,3,Risque modéré
609,0,0,0,Élevée,Jamais,3,Risque modéré
610,0,0,0,Élevée,Parfois,1,Risque faible
611,0,0,0,Élevée,Rarement,3,Risque modéré
612,0,0,1,Moyenne,Régulièrement,4,Risque modéré
613,0,0,1,Élevée,Régulièrement,4,Risque modéré
614,0,0,0,Moyenne,Parfois,3,Risque modéré
615,0,0,0,Moyenne,Parfois,2,Risque faible
616,0,0,0,Élevée,Parfois,1,Risque faible
617,0,1,0,Moyenne,Régulièrement,4,Risque modéré
618,0,0,0,Élevée,Régulièrement,0,Risque faible
619,0,0,0,Élevée,Régulièrement,0,Risque faible
620,1,0,1,Faible,Régulièrement,8,Risque élevé
621,0,0,0,Moyenne,Régulièrement,2,Risque faible
622,1,0,0,Moyenne,Régulièrement,3,Risque modéré
623,1,0,0,Élevée,Rarement,3,Risque modéré
624,0,0,1,Moyenne,Intensivement,5,Risque modéré
625,0,0,0,Moyenne,Régulièrement,2,Risque faible
626,0,0,0,Élevée,Parfois,1,Risque faible
627,1,0,0,Faible,Parfois,6,Risque élevé
628,0,0,0,Faible,Régulièrement,3,Risque modéré
629,1,0,0,Moyenne,Parfois,4,Risque modéré
630,0,0,0,Moyenne,Jamais,4,Risque modéré
631,1,0,0,Moyenne,Régulièrement,4,Risque modéré
632,0,0,1,Moyenne,Régulièrement,3,Risque modéré
633,1,0,0,Faible,Rarement,6,Risque élevé
634,0,0,1,Faible,Parfois,6,Risque élevé
635,0,0,0,Élevée,Parfois,2,Risque faible
636,0,0,1,Élevée,Régulièrement,3,Risque modéré
637,0,0,0,Élevée,Régulièrement,0,Risque faible
638,1,0,0,Moyenne,Parfois,5,Risque modéré
639,0,0,1,Élevée,Rarement,5,Risque modéré
640,0,0,0,Moyenne,Régulièrement,1,Risque faible
641,1,0,0,Élevée,Rarement,3,Risque modéré
642,1,0,1,Faible,Régulièrement,8,Risque élevé
643,1,0,0,Faible,Régulièrement,4,Risque modéré
644,0,0,0,Moyenne,Parfois,2,Risque faible
645,1,0,0,Moyenne,Régulièrement,3,Risque modéré
646,0,0,0,Élevée,Intensivement,0,Risque faible
647,0,0,0,Faible,Parfois,3,Risque modéré
648,0,0,0,Moyenne,Régulièrement,2,Risque faible
649,0,0,0,Élevée,Intensivement,0,Risque faible
650,0,0,0,Élevée,Rarement,2,Risque faible
651,0,0,0,Élevée,Parfois,0,Risque faible
652,0,0,0,Élevée,Parfois,0,Risque faible
653,0,0,0,Moyenne,Rarement,3,Risque modéré
654,0,0,0,Élevée,Régulièrement,1,Risque faible
655,0,0,0,Élevée,Régulièrement,2,Risque faible
656,1,0,1,Faible,Régulièrement,8,Risque élevé
657,1,0,0,Faible,Régulièrement,5,Risque modéré
658,0,0,0,Élevée,Régulièrement,1,Risque faible
659,0,0,1,Moyenne,Rarement,5,Risque modéré
660,0,0,0,Moyenne,Intensivement,2,Risque faible
661,0,0,1,Moyenne,Rarement,6,Risque élevé
662,0,0,0,Moyenne,Rarement,4,Risque modéré
663,0,0,1,Faible,Parfois,5,Risque modéré
664,1,0,0,Moyenne,Intensivement,3,Risque modéré
665,0,0,0,Élevée,Rarement,2,Risque faible
666,0,0,1,Élevée,Parfois,2,Risque faible
667,1,0,1,Faible,Parfois,7,Risque élevé
668,0,0,1,Moyenne,Parfois,4,Risque modéré
669,0,0,1,Élevée,Rarement,5,Risque modéré
670,0,0,0,Élevée,Rarement,1,Risque faible
671,0,0,0,Moyenne,Rarement,3,Risque modéré
672,0,0,0,Élevée,Régulièrement,1,Risque faible
673,1,0,1,Moyenne,Régulièrement,7,Risque élevé
674,0,0,0,Moyenne,Régulièrement,1,Risque faible
675,0,0,1,Moyenne,Régulièrement,5,Risque modéré
676,0,0,0,Faible,Régulièrement,3,Risque modéré
677,1,0,0,Faible,Parfois,5,Risque modéré
678,0,0,1,Élevée,Jamais,6,Risque élevé
679,0,0,0,Élevée,Régulièrement,1,Risque faible
680,0,0,0,Moyenne,Parfois,3,Risque modéré
681,1,0,0,Faible,Rarement,7,Risque élevé
682,0,0,0,Élevée,Parfois,0,Risque faible
683,0,0,0,Faible,Jamais,5,Risque modéré
684,0,0,0,Moyenne,Régulièrement,2,Risque faible
685,0,0,0,Élevée,Régulièrement,0,Risque faible
686,0,0,1,Élevée,Intensivement,3,Risque modéré
687,0,0,1,Moyenne,Régulièrement,5,Risque modéré
688,0,0,0,Élevée,Intensivement,0,Risque faible
689,0,0,0,Moyenne,Jamais,5,Risque modéré
690,0,0,0,Faible,Régulièrement,3,Risque modéré
691,1,0,0,Moyenne,Parfois,4,Risque modéré
692,0,0,0,Élevée,Parfois,1,Risque faible
693,1,0,0,Faible,Régulièrement,5,Risque modéré
694,0,1,0,Moyenne,Parfois,4,Risque modéré
695,0,0,0,Élevée,Régulièrement,1,Risque faible
696,0,0,1,Faible,Régulièrement,6,Risque élevé
697,0,0,0,Moyenne,Régulièrement,1,Risque faible
698,0,0,0,Moyenne,Rarement,2,Risque faible
699,0,0,0,Moyenne,Parfois,2,Risque faible
700,0,0,0,Élevée,Parfois,0,Risque faible
701,0,0,1,Faible,Jamais,8,Risque élevé
702,0,0,0,Moyenne,Régulièrement,2,Risque faible
703,0,0,0,Élevée,Parfois,1,Risque faible
704,0,0,0,Moyenne,Parfois,2,Risque faible
705,1,0,0,Faible,Rarement,6,Risque élevé
706,0,0,0,Élevée,Rarement,3,Risque modéré
707,0,0,0,Élevée,Régulièrement,2,Risque faible
708,0,0,0,Moyenne,Rarement,4,Risque modéré
709,0,0,0,Faible,Intensivement,3,Risque modéré
710,0,0,0,Élevée,Parfois,2,Risque faible
711,0,0,1,Moyenne,Rarement,5,Risque modéré
712,0,0,0,Élevée,Parfois,0,Risque faible
713,0,0,0,Faible,Parfois,3,Risque modéré
714,1,0,0,Faible,Parfois,5,Risque modéré
715,0,0,0,Élevée,Parfois,0,Risque faible
716,0,0,0,Moyenne,Jamais,4,Risque modéré
717,0,0,0,Élevée,Régulièrement,0,Risque faible
718,0,0,1,Moyenne,Parfois,4,Risque modéré
719,0,0,0,Faible,Régulièrement,2,Risque faible
720,0,0,0,Moyenne,Rarement,2,Risque faible
721,0,0,0,Moyenne,Parfois,2,Risque faible
722,0,0,1,Élevée,Régulièrement,3,Risque modéré
723,0,0,0,Moyenne,Parfois,3,Risque modéré
724,0,0,0,Moyenne,Intensivement,3,Risque modéré
725,0,0,0,Moyenne,Régulièrement,1,Risque faible
726,0,0,1,Élevée,Parfois,4,Risque modéré
727,0,0,0,Élevée,Intensivement,1,Risque faible
728,0,0,1,Faible,Jamais,8,Risque élevé
729,0,0,1,Moyenne,Parfois,4,Risque modéré
730,1,0,0,Faible,Intensivement,5,Risque modéré
731,0,0,0,Moyenne,Rarement,3,Risque modéré
732,0,0,0,Moyenne,Rarement,4,Risque modéré
733,1,0,0,Faible,Rarement,6,Risque élevé
734,0,0,1,Élevée,Régulièrement,3,Risque modéré
735,0,0,0,Élevée,Intensivement,1,Risque faible
736,1,0,1,Faible,Rarement,9,Très haut risque
737,0,0,1,Faible,Intensivement,6,Risque élevé
738,0,0,0,Élevée,Rarement,2,Risque faible
739,0,0,0,Moyenne,Parfois,2,Risque faible
740,1,0,0,Faible,Régulièrement,5,Risque modéré
741,0,1,1,Moyenne,Rarement,7,Risque élevé
742,0,0,0,Moyenne,Parfois,2,Risque faible
743,0,0,0,Moyenne,Parfois,2,Risque faible
744,0,0,0,Moyenne,Parfois,1,Risque faible
745,0,0,0,Faible,Intensivement,2,Risque faible
746,0,0,0,Moyenne,Intensivement,2,Risque faible
747,0,0,0,Moyenne,Régulièrement,1,Risque faible
748,1,0,0,Élevée,Régulièrement,3,Risque modéré
749,1,0,0,Faible,Régulièrement,6,Risque élevé
750,1,0,1,Faible,Parfois,8,Risque élevé
751,0,0,1,Moyenne,Intensivement,4,Risque modéré
752,1,0,1,Faible,Régulièrement,8,Risque élevé
753,0,0,0,Moyenne,Parfois,2,Risque faible
754,0,0,0,Moyenne,Intensivement,1,Risque faible
755,0,0,0,Faible,Régulièrement,4,Risque modéré
756,0,0,0,Moyenne,Régulièrement,2,Risque faible
757,0,0,1,Faible,Régulièrement,4,Risque modéré
758,1,0,0,Faible,Rarement,7,Risque élevé
759,0,0,0,Élevée,Intensivement,0,Risque faible
760,0,0,1,Moyenne,Parfois,4,Risque modéré
761,0,0,1,Moyenne,Régulièrement,5,Risque modéré
762,0,0,0,Élevée,Régulièrement,0,Risque faible
763,1,0,1,Faible,Intensivement,8,Risque élevé
764,0,0,0,Moyenne,Parfois,1,Risque faible
765,0,0,0,Élevée,Jamais,4,Risque modéré
766,0,0,0,Élevée,Intensivement,0,Risque faible
767,0,0,1,Élevée,Régulièrement,4,Risque modéré
768,0,0,0,Faible,Intensivement,3,Risque modéré
769,0,0,0,Élevée,Rarement,1,Risque faible
770,0,0,0,Élevée,Parfois,0,Risque faible
771,0,0,0,Moyenne,Régulièrement,2,Risque faible
772,0,0,0,Élevée,Régulièrement,1,Risque faible
773,0,0,0,Moyenne,Intensivement,3,Risque modéré
774,0,0,1,Élevée,Rarement,5,Risque modéré
775,0,0,0,Moyenne,Régulièrement,2,Risque faible
776,0,0,1,Moyenne,Parfois,5,Risque modéré
777,0,0,0,Moyenne,Régulièrement,2,Risque faible
778,0,0,0,Moyenne,Intensivement,2,Risque faible
779,0,0,0,Moyenne,Parfois,2,Risque faible
780,1,0,1,Faible,Régulièrement,8,Risque élevé
781,0,0,1,Faible,Rarement,7,Risque élevé
782,0,0,0,Moyenne,Intensivement,2,Risque faible
783,1,0,1,Faible,Régulièrement,7,Risque élevé
784,0,0,0,Moyenne,Parfois,2,Risque faible
785,0,0,1,Faible,Rarement,7,Risque élevé
786,0,0,0,Moyenne,Intensivement,1,Risque faible
787,0,0,0,Moyenne,Parfois,2,Risque faible
788,0,0,0,Élevée,Rarement,1,Risque faible
789,0,1,0,Moyenne,Régulièrement,4,Risque modéré
790,0,0,0,Élevée,Régulièrement,2,Risque faible
791,0,0,0,Moyenne,Régulièrement,1,Risque faible
792,0,0,0,Moyenne,Régulièrement,2,Risque faible
793,0,0,0,Élevée,Régulièrement,1,Risque faible
794,1,0,1,Faible,Régulièrement,7,Risque élevé
795,0,0,0,Élevée,Rarement,2,Risque faible
796,0,0,0,Faible,Intensivement,4,Risque modéré
797,0,0,0,Élevée,Régulièrement,1,Risque faible
798,1,0,0,Faible,Parfois,6,Risque élevé
799,0,0,0,Élevée,Régulièrement,0,Risque faible
800,0,0,1,Élevée,Rarement,4,Risque modéré
801,0,0,0,Élevée,Régulièrement,0,Risque faible
802,0,0,1,Élevée,Intensivement,3,Risque modéré
803,0,0,0,Faible,Rarement,5,Risque modéré
804,0,0,0,Élevée,Intensivement,0,Risque faible
805,0,0,0,Faible,Régulièrement,3,Risque modéré
806,0,0,1,Moyenne,Régulièrement,4,Risque modéré
807,0,0,1,Élevée,Parfois,3,Risque modéré
808,0,0,0,Moyenne,Rarement,3,Risque modéré
809,0,0,0,Élevée,Régulièrement,2,Risque faible
810,0,0,1,Élevée,Intensivement,2,Risque faible
811,0,0,0,Moyenne,Rarement,4,Risque modéré
812,0,0,0,Moyenne,Régulièrement,2,Risque faible
813,1,0,0,Moyenne,Parfois,4,Risque modéré
814,0,0,1,Élevée,Régulièrement,4,Risque modéré
815,1,0,0,Faible,Jamais,7,Risque élevé
816,1,0,1,Faible,Régulièrement,7,Risque élevé
817,0,0,0,Moyenne,Régulièrement,2,Risque faible
818,1,0,0,Faible,Régulièrement,5,Risque modéré
819,0,0,0,Moyenne,Parfois,3,Risque modéré
820,1,0,1,Moyenne,Rarement,7,Risque élevé
821,0,0,0,Élevée,Jamais,4,Risque modéré
822,0,0,1,Élevée,Intensivement,3,Risque modéré
823,0,0,0,Moyenne,Intensivement,1,Risque faible
824,1,0,0,Moyenne,Rarement,6,Risque élevé
825,0,0,1,Moyenne,Intensivement,4,Risque modéré
826,1,0,0,Moyenne,Rarement,6,Risque élevé
827,0,0,0,Moyenne,Parfois,2,Risque faible
828,0,0,0,Moyenne,Régulièrement,1,Risque faible
829,0,0,0,Élevée,Rarement,2,Risque faible
830,0,0,0,Élevée,Parfois,2,Risque faible
831,0,0,0,Moyenne,Régulièrement,3,Risque modéré
832,0,0,0,Moyenne,Parfois,3,Risque modéré
833,0,0,0,Élevée,Régulièrement,0,Risque faible
834,0,0,0,Moyenne,Régulièrement,2,Risque faible
835,0,0,0,Faible,Régulièrement,4,Risque modéré
836,0,0,0,Élevée,Intensivement,0,Risque faible
837,0,0,0,Faible,Intensivement,3,Risque modéré
838,0,0,0,Élevée,Intensivement,0,Risque faible
839,0,0,0,Élevée,Parfois,1,Risque faible
840,0,0,1,Faible,Rarement,7,Risque élevé
841,0,0,0,Moyenne,Régulièrement,1,Risque faible
842,0,0,1,Moyenne,Intensivement,4,Risque modéré
843,0,0,0,Moyenne,Parfois,2,Risque faible
844,1,0,0,Faible,Parfois,5,Risque modéré
845,0,0,1,Faible,Régulièrement,6,Risque élevé
846,0,0,0,Élevée,Parfois,2,Risque faible
847,0,0,1,Moyenne,Intensivement,4,Risque modéré
848,0,0,1,Élevée,Rarement,4,Risque modéré
849,1,0,1,Faible,Régulièrement,7,Risque élevé
850,0,0,0,Moyenne,Régulièrement,2,Risque faible
851,0,0,0,Moyenne,Régulièrement,3,Risque modéré
852,0,0,0,Élevée,Intensivement,0,Risque faible
853,0,0,1,Élevée,Parfois,4,Risque modéré
854,0,0,0,Élevée,Parfois,1,Risque faible
855,0,0,0,Faible,Rarement,5,Risque modéré
856,0,0,0,Élevée,Régulièrement,1,Risque faible
857,0,0,1,Élevée,Rarement,5,Risque modéré
858,0,0,1,Moyenne,Régulièrement,4,Risque modéré
859,0,1,0,Élevée,Jamais,5,Risque modéré
860,1,0,0,Faible,Intensivement,6,Risque élevé
861,1,0,0,Faible,Rarement,6,Risque élevé
862,0,1,0,Moyenne,Régulièrement,3,Risque modéré
863,1,1,0,Faible,Parfois,8,Risque élevé
864,0,0,1,Moyenne,Parfois,5,Risque modéré
865,0,0,0,Élevée,Intensivement,0,Risque faible
866,0,0,0,Élevée,Régulièrement,1,Risque faible
867,0,0,1,Faible,Parfois,6,Risque élevé
868,0,0,0,Moyenne,Intensivement,1,Risque faible
869,0,0,0,Moyenne,Intensivement,1,Risque faible
870,0,1,1,Faible,Intensivement,8,Risque élevé
871,0,0,0,Faible,Rarement,5,Risque modéré
872,0,0,0,Moyenne,Régulièrement,2,Risque faible
873,0,0,1,Moyenne,Régulièrement,5,Risque modéré
874,0,0,0,Moyenne,Parfois,2,Risque faible
875,0,0,1,Moyenne,Parfois,5,Risque modéré
876,0,0,0,Élevée,Régulièrement,1,Risque faible
877,0,0,0,Faible,Parfois,3,Risque modéré
878,0,1,0,Moyenne,Parfois,5,Risque modéré
879,0,0,0,Élevée,Régulièrement,0,Risque faible
880,0,0,1,Faible,Rarement,7,Risque élevé
881,1,0,0,Faible,Rarement,7,Risque élevé
882,0,0,0,Moyenne,Régulièrement,2,Risque faible
883,0,0,0,Élevée,Régulièrement,0,Risque faible
884,0,0,0,Moyenne,Parfois,2,Risque faible
885,0,1,1,Moyenne,Régulièrement,7,Risque élevé
886,0,0,1,Faible,Régulièrement,6,Risque élevé
887,0,0,0,Moyenne,Parfois,2,Risque faible
888,0,0,0,Faible,Parfois,3,Risque modéré
889,0,0,0,Élevée,Régulièrement,0,Risque faible
890,0,0,0,Moyenne,Régulièrement,3,Risque modéré
891,1,0,0,Faible,Régulièrement,5,Risque modéré
892,0,0,1,Faible,Régulièrement,6,Risque élevé
893,0,0,1,Faible,Intensivement,5,Risque modéré
894,0,0,0,Élevée,Intensivement,0,Risque faible
895,0,0,0,Élevée,Rarement,2,Risque faible
896,0,0,1,Élevée,Parfois,3,Risque modéré
897,0,0,0,Moyenne,Régulièrement,1,Risque faible
898,0,0,1,Élevée,Parfois,3,Risque modéré
899,0,0,1,Élevée,Régulièrement,3,Risque modéré
900,0,0,0,Élevée,Régulièrement,0,Risque faible
901,0,0,0,Moyenne,Parfois,2,Risque faible
902,1,0,0,Moyenne,Régulièrement,4,Risque modéré
903,0,0,1,Moyenne,Parfois,4,Risque modéré
904,0,0,0,Élevée,Régulièrement,2,Risque faible
905,0,0,1,Élevée,Rarement,4,Risque modéré
906,0,0,0,Élevée,Parfois,0,Risque faible
907,0,0,0,Faible,Parfois,3,Risque modéré
908,0,0,0,Moyenne,Régulièrement,1,Risque faible
909,0,0,0,Moyenne,Intensivement,1,Risque faible
910,0,0,0,Élevée,Intensivement,0,Risque faible
911,0,0,1,Moyenne,Intensivement,4,Risque modéré
912,1,0,1,Faible,Intensivement,8,Risque élevé
913,0,0,0,Élevée,Intensivement,1,Risque faible
914,0,0,0,Moyenne,Parfois,2,Risque faible
915,0,0,1,Faible,Régulièrement,6,Risque élevé
916,0,0,0,Moyenne,Parfois,2,Risque faible
917,0,0,0,Moyenne,Régulièrement,2,Risque faible
918,0,0,0,Moyenne,Rarement,4,Risque modéré
919,0,0,0,Moyenne,Intensivement,2,Risque faible
920,0,0,1,Moyenne,Intensivement,4,Risque modéré
921,0,0,1,Moyenne,Parfois,5,Risque modéré
922,0,0,1,Moyenne,Intensivement,4,Risque modéré
923,0,0,0,Moyenne,Parfois,2,Risque faible
924,0,0,0,Faible,Rarement,4,Risque modéré
925,0,0,0,Moyenne,Rarement,4,Risque modéré
926,0,0,0,Élevée,Régulièrement,1,Risque faible
927,0,0,0,Moyenne,Intensivement,1,Risque faible
928,0,0,0,Élevée,Parfois,2,Risque faible
929,0,0,0,Moyenne,Régulièrement,2,Risque faible
930,0,0,0,Moyenne,Régulièrement,2,Risque faible
931,1,1,1,Faible,Régulièrement,10,Très haut risque
932,0,0,0,Élevée,Parfois,0,Risque faible
933,0,0,0,Moyenne,Rarement,4,Risque modéré
934,0,0,0,Faible,Régulièrement,4,Risque modéré
935,1,0,0,Moyenne,Régulièrement,4,Risque modéré
936,1,0,0,Moyenne,Intensivement,4,Risque modéré
937,0,0,0,Élevée,Intensivement,0,Risque faible
938,1,1,0,Moyenne,Rarement,8,Risque élevé
939,0,0,0,Moyenne,Régulièrement,2,Risque faible
940,1,1,0,Faible,Jamais,10,Très haut risque
941,0,0,0,Faible,Parfois,4,Risque modéré
942,0,0,0,Élevée,Intensivement,0,Risque faible
943,0,0,0,Moyenne,Parfois,2,Risque faible
944,0,0,0,Faible,Parfois,3,Risque modéré
945,0,0,0,Moyenne,Intensivement,1,Risque faible
946,0,0,0,Moyenne,Rarement,3,Risque modéré
947,0,0,0,Moyenne,Intensivement,3,Risque modéré
948,0,0,0,Élevée,Régulièrement,1,Risque faible
949,0,0,1,Moyenne,Régulièrement,5,Risque modéré
950,0,1,0,Faible,Parfois,6,Risque élevé
951,0,0,0,Faible,Parfois,3,Risque modéré
952,0,0,1,Faible,Rarement,7,Risque élevé
953,0,0,0,Élevée,Intensivement,1,Risque faible
954,1,0,1,Faible,Parfois,7,Risque élevé
955,0,0,0,Élevée,Régulièrement,1,Risque faible
956,0,1,0,Élevée,Rarement,5,Risque modéré
957,0,0,0,Élevée,Parfois,2,Risque faible
958,0,0,0,Moyenne,Régulièrement,2,Risque faible
959,1,0,0,Moyenne,Intensivement,4,Risque modéré
960,0,1,1,Élevée,Régulièrement,5,Risque modéré
961,0,0,1,Moyenne,Intensivement,5,Risque modéré
962,0,0,0,Élevée,Régulièrement,1,Risque faible
963,0,0,0,Moyenne,Parfois,2,Risque faible
964,0,0,1,Moyenne,Régulièrement,4,Risque modéré
965,0,0,0,Élevée,Parfois,2,Risque faible
966,0,1,0,Moyenne,Intensivement,3,Risque modéré
967,1,0,0,Faible,Régulièrement,5,Risque modéré
968,0,0,1,Faible,Régulièrement,6,Risque élevé
969,0,0,0,Faible,Régulièrement,4,Risque modéré
970,0,0,1,Moyenne,Parfois,4,Risque modéré
971,0,0,0,Moyenne,Régulièrement,1,Risque faible
972,1,0,0,Faible,Régulièrement,5,Risque modéré
973,0,0,0,Élevée,Intensivement,0,Risque faible
974,0,0,0,Élevée,Parfois,1,Risque faible
975,1,0,0,Faible,Intensivement,6,Risque élevé
976,0,0,1,Moyenne,Parfois,4,Risque modéré
977,0,0,0,Moyenne,Parfois,3,Risque modéré
978,0,1,0,Élevée,Rarement,5,Risque modéré
979,0,0,1,Élevée,Rarement,4,Risque modéré
980,0,0,1,Élevée,Parfois,4,Risque modéré
981,1,0,0,Faible,Intensivement,5,Risque modéré
982,1,0,1,Faible,Rarement,9,Très haut risque
983,0,0,0,Moyenne,Régulièrement,2,Risque faible
984,1,0,1,Moyenne,Parfois,7,Risque élevé
985,0,1,1,Moyenne,Jamais,7,Risque élevé
986,0,0,0,Faible,Régulièrement,2,Risque faible
987,0,0,1,Élevée,Rarement,5,Risque modéré
988,0,0,0,Faible,Régulièrement,3,Risque modéré
989,0,0,1,Moyenne,Régulièrement,4,Risque modéré
990,1,0,0,Faible,Intensivement,4,Risque modéré
991,1,0,1,Faible,Régulièrement,8,Risque élevé
992,0,0,0,Élevée,Régulièrement,0,Risque faible
993,0,0,1,Élevée,Régulièrement,4,Risque modéré
994,1,0,0,Faible,Parfois,6,Risque élevé
995,0,0,0,Moyenne,Parfois,2,Risque faible
996,0,0,0,Moyenne,Régulièrement,3,Risque modéré
997,1,1,0,Moyenne,Parfois,6,Risque élevé
998,0,0,0,Élevée,Intensivement,1,Risque faible
999,0,0,0,Moyenne,Rarement,3,Risque modéré
1000,0,0,1,Moyenne,Régulièrement,5,Risque modéré
1001,0,0,0,Élevée,Régulièrement,1,Risque faible
1002,0,0,0,Élevée,Intensivement,1,Risque faible
1003,1,0,1,Élevée,Parfois,6,Risque élevé
1004,0,0,0,Moyenne,Parfois,2,Risque faible
1005,0,0,0,Moyenne,Régulièrement,2,Risque faible
1006,0,0,0,Moyenne,Rarement,2,Risque faible
1007,1,0,0,Moyenne,Régulièrement,4,Risque modéré
1008,1,0,1,Moyenne,Parfois,6,Risque élevé
1009,0,0,1,Moyenne,Parfois,4,Risque modéré
1010,0,0,0,Élevée,Rarement,3,Risque modéré
1011,0,0,1,Moyenne,Régulièrement,5,Risque modéré
1012,0,1,1,Moyenne,Intensivement,7,Risque élevé
1013,0,0,0,Élevée,Parfois,1,Risque faible
1014,0,0,0,Moyenne,Parfois,2,Risque faible
1015,0,0,1,Élevée,Intensivement,3,Risque modéré
1016,0,0,0,Faible,Parfois,4,Risque modéré
1017,0,0,0,Faible,Régulièrement,3,Risque modéré
1018,0,0,0,Moyenne,Régulièrement,2,Risque faible
1019,1,0,0,Moyenne,Rarement,5,Risque modéré
1020,1,0,0,Moyenne,Rarement,6,Risque élevé
1021,0,0,0,Élevée,Parfois,0,Risque faible
1022,0,0,0,Moyenne,Intensivement,2,Risque faible
1023,1,0,1,Moyenne,Régulièrement,7,Risque élevé
1024,0,0,1,Élevée,Régulièrement,2,Risque faible
1025,1,0,0,Moyenne,Intensivement,3,Risque modéré
1026,0,0,0,Moyenne,Régulièrement,1,Risque faible
1027,0,0,0,Moyenne,Régulièrement,1,Risque faible
1028,0,0,0,Élevée,Régulièrement,2,Risque faible
1029,0,0,0,Moyenne,Intensivement,1,Risque faible
1030,0,0,0,Moyenne,Parfois,1,Risque faible
1031,0,0,0,Faible,Intensivement,3,Risque modéré
1032,1,0,0,Faible,Parfois,5,Risque modéré
1033,1,0,1,Élevée,Parfois,5,Risque modéré
1034,0,0,1,Élevée,Intensivement,3,Risque modéré
1035,0,0,0,Moyenne,Régulièrement,2,Risque faible
1036,1,0,1,Moyenne,Régulièrement,7,Risque élevé
1037,0,0,1,Moyenne,Intensivement,4,Risque modéré
1038,0,0,0,Moyenne,Intensivement,1,Risque faible
1039,0,0,1,Élevée,Parfois,4,Risque modéré
1040,0,0,0,Moyenne,Régulièrement,2,Risque faible
1041,0,1,0,Faible,Régulièrement,6,Risque élevé
1042,0,0,0,Moyenne,Parfois,1,Risque faible
1043,0,0,0,Élevée,Parfois,1,Risque faible
1044,0,0,0,Moyenne,Parfois,3,Risque modéré
1045,0,0,1,Moyenne,Rarement,6,Risque élevé
1046,0,0,0,Moyenne,Parfois,1,Risque faible
1047,0,0,0,Moyenne,Régulièrement,2,Risque faible
1048,0,0,0,Moyenne,Intensivement,1,Risque faible
1049,0,0,0,Moyenne,Régulièrement,2,Risque faible
1050,1,0,1,Élevée,Régulièrement,6,Risque élevé
1051,0,0,0,Moyenne,Intensivement,2,Risque faible
1052,1,0,1,Faible,Régulièrement,8,Risque élevé
1053,0,0,0,Élevée,Régulièrement,0,Risque faible
1054,0,0,0,Élevée,Intensivement,0,Risque faible
1055,0,0,0,Faible,Régulièrement,3,Risque modéré
1056,1,0,0,Moyenne,Régulièrement,3,Risque modéré
1057,0,0,0,Élevée,Rarement,3,Risque modéré
1058,0,0,0,Élevée,Rarement,2,Risque faible
1059,0,0,0,Élevée,Jamais,4,Risque modéré
1060,0,0,1,Élevée,Parfois,3,Risque modéré
1061,1,0,0,Élevée,Parfois,2,Risque faible
1062,0,0,0,Moyenne,Parfois,3,Risque modéré
1063,0,0,0,Élevée,Régulièrement,0,Risque faible
1064,0,1,0,Élevée,Parfois,4,Risque modéré
1065,0,0,0,Faible,Jamais,5,Risque modéré
1066,0,0,0,Moyenne,Parfois,2,Risque faible
1067,0,0,0,Élevée,Intensivement,1,Risque faible
1068,0,0,0,Moyenne,Intensivement,2,Risque faible
1069,0,0,0,Élevée,Régulièrement,0,Risque faible
1070,0,0,0,Élevée,Parfois,2,Risque faible
1071,0,0,0,Moyenne,Rarement,4,Risque modéré
1072,1,0,0,Faible,Régulièrement,6,Risque élevé
1073,0,0,0,Élevée,Parfois,1,Risque faible
1074,0,0,0,Élevée,Parfois,1,Risque faible
1075,0,0,0,Élevée,Régulièrement,0,Risque faible
1076,0,0,0,Moyenne,Parfois,2,Risque faible
1077,0,0,0,Élevée,Régulièrement,1,Risque faible
1078,0,0,0,Élevée,Régulièrement,0,Risque faible
1079,1,0,0,Moyenne,Parfois,4,Risque modéré
1080,0,0,0,Élevée,Parfois,0,Risque faible
1081,0,0,1,Élevée,Rarement,5,Risque modéré
1082,0,0,0,Moyenne,Parfois,2,Risque faible
1083,0,0,0,Élevée,Parfois,0,Risque faible
1084,1,0,0,Faible,Régulièrement,5,Risque modéré
1085,0,0,0,Moyenne,Intensivement,1,Risque faible
1086,0,0,0,Élevée,Parfois,1,Risque faible
1087,0,0,1,Élevée,Rarement,5,Risque modéré
1088,0,0,0,Faible,Parfois,4,Risque modéré
1089,0,1,1,Moyenne,Régulièrement,6,Risque élevé
1090,0,0,0,Élevée,Parfois,0,Risque faible
1091,0,0,1,Faible,Rarement,7,Risque élevé
1092,1,0,0,Faible,Jamais,8,Risque élevé
1093,0,0,1,Faible,Parfois,6,Risque élevé
1094,0,1,1,Faible,Intensivement,8,Risque élevé
1095,0,0,1,Faible,Régulièrement,6,Risque élevé
1096,0,0,0,Moyenne,Intensivement,2,Risque faible
1097,0,0,0,Élevée,Parfois,1,Risque faible
1098,0,0,0,Élevée,Parfois,1,Risque faible
1099,1,0,1,Moyenne,Jamais,9,Très haut risque
1100,0,0,0,Élevée,Régulièrement,0,Risque faible
1101,0,0,0,Moyenne,Parfois,2,Risque faible
1102,0,0,0,Moyenne,Intensivement,2,Risque faible
1103,0,0,0,Moyenne,Régulièrement,2,Risque faible
1104,0,0,0,Faible,Jamais,6,Risque élevé
1105,0,0,0,Élevée,Parfois,2,Risque faible
1106,0,0,0,Élevée,Jamais,3,Risque modéré
1107,0,0,1,Élevée,Parfois,3,Risque modéré
1108,0,0,0,Élevée,Régulièrement,0,Risque faible
1109,1,0,0,Élevée,Intensivement,2,Risque faible
1110,0,0,0,Élevée,Régulièrement,1,Risque faible
1111,0,0,1,Élevée,Régulièrement,3,Risque modéré
1112,0,0,0,Élevée,Intensivement,0,Risque faible
1113,0,0,0,Moyenne,Rarement,4,Risque modéré
1114,0,0,0,Élevée,Parfois,0,Risque faible
1115,0,0,0,Faible,Régulièrement,4,Risque modéré
1116,0,0,0,Élevée,Régulièrement,0,Risque faible
1117,0,0,0,Moyenne,Parfois,2,Risque faible
1118,0,0,0,Faible,Parfois,4,Risque modéré
1119,0,0,1,Élevée,Parfois,2,Risque faible
1120,0,0,0,Moyenne,Régulièrement,2,Risque faible
1121,0,0,0,Moyenne,Régulièrement,2,Risque faible
1122,0,0,0,Moyenne,Parfois,2,Risque faible
1123,0,0,1,Moyenne,Régulièrement,5,Risque modéré
1124,0,0,0,Moyenne,Parfois,2,Risque faible
1125,0,0,0,Moyenne,Intensivement,2,Risque faible
1126,0,0,1,Moyenne,Parfois,5,Risque modéré
1127,0,1,0,Faible,Régulièrement,6,Risque élevé
1128,0,0,0,Faible,Régulièrement,4,Risque modéré
1129,0,1,0,Faible,Parfois,5,Risque modéré
1130,0,0,0,Moyenne,Régulièrement,3,Risque modéré
1131,0,0,0,Moyenne,Parfois,2,Risque faible
1132,0,0,1,Faible,Régulièrement,5,Risque modéré
1133,0,0,0,Élevée,Régulièrement,0,Risque faible
1134,0,0,0,Élevée,Régulièrement,1,Risque faible
1135,0,0,0,Élevée,Parfois,1,Risque faible
1136,0,0,1,Élevée,Régulièrement,3,Risque modéré
1137,1,0,1,Moyenne,Régulièrement,6,Risque élevé
1138,0,0,0,Moyenne,Parfois,2,Risque faible
1139,0,0,0,Moyenne,Intensivement,3,Risque modéré
1140,0,0,1,Moyenne,Rarement,5,Risque modéré
1141,0,0,0,Moyenne,Parfois,2,Risque faible
1142,0,0,0,Moyenne,Intensivement,3,Risque modéré
1143,0,0,0,Moyenne,Régulièrement,2,Risque faible
1144,0,0,0,Élevée,Régulièrement,0,Risque faible
1145,0,0,0,Élevée,Intensivement,0,Risque faible
1146,0,0,0,Élevée,Régulièrement,1,Risque faible
1147,0,0,0,Moyenne,Rarement,4,Risque modéré
1148,0,0,0,Moyenne,Parfois,2,Risque faible
1149,0,0,0,Moyenne,Régulièrement,2,Risque faible
1150,0,1,0,Élevée,Régulièrement,4,Risque modéré
1151,0,0,1,Moyenne,Régulièrement,4,Risque modéré
1152,0,0,0,Faible,Intensivement,3,Risque modéré
1153,0,0,0,Faible,Régulièrement,4,Risque modéré
1154,1,0,0,Moyenne,Intensivement,3,Risque modéré
1155,0,0,0,Moyenne,Jamais,5,Risque modéré
1156,0,0,0,Moyenne,Intensivement,1,Risque faible
1157,0,0,1,Moyenne,Parfois,4,Risque modéré
1158,0,0,0,Moyenne,Parfois,2,Risque faible
1159,0,0,0,Moyenne,Parfois,2,Risque faible
1160,0,0,0,Moyenne,Régulièrement,2,Risque faible
1161,0,0,0,Faible,Parfois,3,Risque modéré
1162,0,0,0,Moyenne,Parfois,2,Risque faible
1163,0,0,1,Moyenne,Intensivement,3,Risque modéré
1164,1,1,0,Faible,Rarement,8,Risque élevé
1165,0,0,0,Élevée,Rarement,2,Risque faible
1166,0,0,0,Élevée,Régulièrement,0,Risque faible
1167,0,0,0,Moyenne,Rarement,3,Risque modéré
1168,0,0,1,Élevée,Régulièrement,3,Risque modéré
1169,0,0,0,Élevée,Parfois,1,Risque faible
1170,0,0,0,Élevée,Régulièrement,1,Risque faible
1171,0,0,1,Moyenne,Parfois,4,Risque modéré
1172,0,0,0,Moyenne,Rarement,3,Risque modéré
1173,1,0,0,Faible,Régulièrement,5,Risque modéré
1174,0,0,0,Faible,Rarement,5,Risque modéré
1175,0,0,0,Élevée,Parfois,1,Risque faible
1176,0,0,0,Élevée,Régulièrement,0,Risque faible
1177,0,0,0,Élevée,Régulièrement,1,Risque faible
1178,1,0,0,Faible,Régulièrement,6,Risque élevé
1179,0,0,0,Élevée,Régulièrement,1,Risque faible
1180,0,0,0,Élevée,Parfois,1,Risque faible
1181,0,1,0,Faible,Parfois,5,Risque modéré
1182,0,0,1,Moyenne,Régulièrement,5,Risque modéré
1183,1,0,0,Moyenne,Régulièrement,3,Risque modéré
1184,0,0,0,Moyenne,Intensivement,2,Risque faible
1185,0,1,0,Élevée,Jamais,6,Risque élevé
1186,1,0,0,Faible,Parfois,5,Risque modéré
1187,0,1,0,Faible,Régulièrement,6,Risque élevé
1188,0,0,0,Moyenne,Régulièrement,1,Risque faible
1189,0,0,1,Élevée,Parfois,4,Risque modéré
1190,0,0,0,Moyenne,Intensivement,3,Risque modéré
1191,0,0,0,Élevée,Parfois,2,Risque faible
1192,0,0,0,Élevée,Parfois,1,Risque faible
1193,0,0,0,Moyenne,Régulièrement,2,Risque faible
1194,0,0,0,Moyenne,Régulièrement,2,Risque faible
1195,0,0,0,Moyenne,Parfois,3,Risque modéré
1196,0,0,0,Faible,Régulièrement,3,Risque modéré
1197,0,0,1,Moyenne,Parfois,5,Risque modéré
1198,0,0,0,Faible,Rarement,4,Risque modéré
1199,1,0,0,Faible,Parfois,5,Risque modéré
1200,0,0,1,Faible,Parfois,6,Risque élevé
1201,0,0,0,Élevée,Intensivement,0,Risque faible
1202,0,0,0,Moyenne,Régulièrement,2,Risque faible
1203,0,0,1,Moyenne,Parfois,5,Risque modéré
1204,0,0,1,Élevée,Rarement,5,Risque modéré
1205,0,0,0,Faible,Parfois,3,Risque modéré
1206,0,0,1,Faible,Parfois,6,Risque élevé
1207,0,0,0,Élevée,Régulièrement,0,Risque faible
1208,0,1,1,Moyenne,Parfois,7,Risque élevé
1209,0,0,1,Moyenne,Intensivement,4,Risque modéré
1210,0,0,0,Élevée,Régulièrement,0,Risque faible
1211,0,0,0,Élevée,Parfois,1,Risque faible
1212,0,0,0,Élevée,Intensivement,0,Risque faible
1213,0,0,0,Moyenne,Parfois,2,Risque faible
1214,0,0,0,Moyenne,Régulièrement,1,Risque faible
1215,0,0,0,Moyenne,Régulièrement,2,Risque faible
1216,1,0,0,Moyenne,Parfois,4,Risque modéré
1217,0,0,0,Faible,Régulièrement,4,Risque modéré
1218,0,0,1,Moyenne,Régulièrement,4,Risque modéré
1219,0,0,0,Faible,Régulièrement,4,Risque modéré
1220,0,0,0,Moyenne,Parfois,3,Risque modéré
1221,0,0,0,Élevée,Parfois,1,Risque faible
1222,0,0,0,Élevée,Régulièrement,0,Risque faible
1223,0,1,0,Faible,Parfois,5,Risque modéré
1224,0,0,0,Élevée,Régulièrement,1,Risque faible
1225,0,0,0,Faible,Régulièrement,4,Risque modéré
1226,0,0,0,Moyenne,Parfois,1,Risque faible
1227,0,0,0,Élevée,Rarement,3,Risque modéré
1228,0,0,1,Moyenne,Rarement,6,Risque élevé
1229,1,0,1,Élevée,Régulièrement,4,Risque modéré
1230,0,0,0,Faible,Régulièrement,2,Risque faible
1231,0,0,0,Élevée,Intensivement,0,Risque faible
1232,0,0,1,Élevée,Régulièrement,3,Risque modéré
1233,0,0,0,Élevée,Parfois,1,Risque faible
1234,0,0,0,Faible,Régulièrement,3,Risque modéré
1235,0,1,1,Moyenne,Rarement,8,Risque élevé
1236,0,0,0,Moyenne,Régulièrement,2,Risque faible
1237,1,0,0,Faible,Régulièrement,5,Risque modéré
1238,0,0,0,Moyenne,Rarement,3,Risque modéré
1239,0,0,1,Faible,Rarement,6,Risque élevé
1240,0,0,0,Faible,Rarement,5,Risque modéré
1241,0,0,0,Faible,Parfois,4,Risque modéré
1242,0,0,0,Faible,Intensivement,3,Risque modéré
1243,0,0,0,Moyenne,Régulièrement,2,Risque faible
1244,0,0,0,Moyenne,Parfois,2,Risque faible
1245,0,0,1,Élevée,Parfois,2,Risque faible
1246,0,0,0,Moyenne,Parfois,2,Risque faible
1247,1,1,1,Faible,Rarement,10,Très haut risque
1248,0,0,0,Moyenne,Parfois,1,Risque faible
1249,0,0,1,Moyenne,Régulièrement,4,Risque modéré
1250,0,0,1,Élevée,Rarement,5,Risque modéré
1251,0,0,0,Élevée,Régulièrement,1,Risque faible
1252,0,0,1,Élevée,Parfois,3,Risque modéré
1253,0,0,0,Élevée,Régulièrement,0,Risque faible
1254,0,0,0,Moyenne,Jamais,4,Risque modéré
1255,1,0,1,Élevée,Jamais,8,Risque élevé
1256,0,1,1,Faible,Parfois,8,Risque élevé
1257,0,0,1,Moyenne,Rarement,6,Risque élevé
1258,0,0,0,Élevée,Parfois,0,Risque faible
1259,0,0,1,Moyenne,Parfois,4,Risque modéré
1260,0,0,0,Élevée,Régulièrement,0,Risque faible
1261,0,0,0,Élevée,Rarement,3,Risque modéré
1262,0,0,1,Faible,Rarement,7,Risque élevé
1263,0,0,1,Moyenne,Parfois,5,Risque modéré
1264,0,0,0,Faible,Parfois,3,Risque modéré
1265,0,0,1,Élevée,Parfois,4,Risque modéré
1266,0,0,1,Élevée,Régulièrement,3,Risque modéré
1267,0,1,0,Moyenne,Rarement,6,Risque élevé
1268,0,0,1,Faible,Régulièrement,6,Risque élevé
1269,0,0,0,Moyenne,Parfois,2,Risque faible
1270,0,0,0,Élevée,Régulièrement,1,Risque faible
1271,0,1,0,Élevée,Rarement,5,Risque modéré
1272,0,0,0,Élevée,Intensivement,0,Risque faible
1273,0,0,0,Moyenne,Régulièrement,3,Risque modéré
1274,0,0,1,Élevée,Parfois,4,Risque modéré
1275,1,0,1,Moyenne,Rarement,7,Risque élevé
1276,0,0,0,Moyenne,Régulièrement,1,Risque faible
1277,0,0,0,Moyenne,Régulièrement,2,Risque faible
1278,0,0,1,Moyenne,Régulièrement,4,Risque modéré
1279,0,0,0,Élevée,Régulièrement,1,Risque faible
1280,0,0,0,Moyenne,Rarement,3,Risque modéré
1281,0,0,0,Moyenne,Intensivement,2,Risque faible
1282,0,0,0,Élevée,Régulièrement,1,Risque faible
1283,0,0,1,Faible,Régulièrement,6,Risque élevé
1284,0,0,0,Moyenne,Régulièrement,1,Risque faible
1285,1,0,1,Faible,Rarement,9,Très haut risque
1286,0,0,0,Moyenne,Régulièrement,2,Risque faible
1287,0,0,0,Moyenne,Parfois,2,Risque faible
1288,0,0,0,Élevée,Rarement,2,Risque faible
1289,0,0,0,Élevée,Régulièrement,0,Risque faible
1290,0,0,0,Moyenne,Parfois,2,Risque faible
1291,0,0,1,Faible,Intensivement,5,Risque modéré
1292,0,0,1,Faible,Parfois,5,Risque modéré
1293,0,0,0,Moyenne,Intensivement,1,Risque faible
1294,0,0,0,Moyenne,Intensivement,2,Risque faible
1295,1,0,1,Moyenne,Parfois,6,Risque élevé
1296,1,0,0,Moyenne,Jamais,7,Risque élevé
1297,0,0,0,Élevée,Intensivement,0,Risque faible
1298,0,0,0,Moyenne,Régulièrement,3,Risque modéré
1299,0,0,1,Faible,Parfois,6,Risque élevé
1300,0,0,1,Moyenne,Parfois,4,Risque modéré
1301,0,0,0,Moyenne,Rarement,3,Risque modéré
1302,0,0,0,Faible,Régulièrement,3,Risque modéré
1303,0,0,0,Élevée,Régulièrement,0,Risque faible
1304,0,0,1,Élevée,Régulièrement,4,Risque modéré
1305,0,0,0,Moyenne,Rarement,3,Risque modéré
1306,0,0,0,Élevée,Rarement,3,Risque modéré
1307,0,0,1,Moyenne,Régulièrement,4,Risque modéré
1308,0,0,0,Moyenne,Régulièrement,3,Risque modéré
1309,0,0,0,Élevée,Parfois,0,Risque faible
1310,0,0,0,Moyenne,Intensivement,2,Risque faible
1311,1,0,0,Faible,Régulièrement,6,Risque élevé
1312,0,0,1,Élevée,Intensivement,4,Risque modéré
1313,0,0,0,Moyenne,Rarement,4,Risque modéré
1314,0,0,1,Élevée,Parfois,3,Risque modéré
1315,1,0,0,Élevée,Jamais,6,Risque élevé
1316,0,0,0,Faible,Rarement,4,Risque modéré
1317,0,0,1,Moyenne,Régulièrement,4,Risque modéré
1318,0,0,0,Faible,Régulièrement,3,Risque modéré
1319,1,0,0,Faible,Régulièrement,4,Risque modéré
1320,0,0,0,Moyenne,Parfois,2,Risque faible
1321,0,0,0,Élevée,Intensivement,0,Risque faible
1322,0,0,1,Moyenne,Parfois,5,Risque modéré
1323,0,0,0,Moyenne,Intensivement,3,Risque modéré
1324,0,0,0,Élevée,Régulièrement,1,Risque faible
1325,0,0,0,Élevée,Parfois,0,Risque faible
1326,0,0,1,Moyenne,Intensivement,4,Risque modéré
1327,0,1,0,Moyenne,Rarement,6,Risque élevé
1328,0,0,1,Faible,Parfois,6,Risque élevé
1329,0,0,0,Moyenne,Parfois,1,Risque faible
1330,0,0,0,Faible,Régulièrement,3,Risque modéré
1331,0,0,1,Moyenne,Régulièrement,5,Risque modéré
1332,0,0,0,Élevée,Parfois,0,Risque faible
1333,0,0,0,Élevée,Parfois,0,Risque faible
1334,0,0,0,Moyenne,Régulièrement,1,Risque faible
1335,0,0,0,Moyenne,Régulièrement,3,Risque modéré
1336,0,0,1,Élevée,Régulièrement,3,Risque modéré
1337,0,0,1,Faible,Parfois,6,Risque élevé
1338,0,0,0,Élevée,Régulièrement,0,Risque faible
1339,0,0,0,Moyenne,Régulièrement,2,Risque faible
1340,0,0,0,Moyenne,Parfois,2,Risque faible
1341,0,0,0,Moyenne,Parfois,2,Risque faible
1342,0,0,0,Moyenne,Régulièrement,2,Risque faible
1343,0,0,1,Élevée,Rarement,4,Risque modéré
1344,0,0,0,Élevée,Régulièrement,1,Risque faible
1345,0,0,0,Élevée,Rarement,3,Risque modéré
1346,0,0,1,Moyenne,Régulièrement,5,Risque modéré
1347,0,0,0,Élevée,Régulièrement,0,Risque faible
1348,1,0,1,Moyenne,Parfois,7,Risque élevé
1349,0,0,1,Moyenne,Intensivement,4,Risque modéré
1350,0,0,1,Moyenne,Intensivement,5,Risque modéré
1351,0,0,1,Élevée,Rarement,4,Risque modéré
1352,0,0,0,Élevée,Parfois,1,Risque faible
1353,0,0,0,Élevée,Intensivement,0,Risque faible
1354,0,0,1,Élevée,Parfois,4,Risque modéré
1355,0,0,0,Moyenne,Régulièrement,2,Risque faible
1356,0,0,0,Élevée,Parfois,1,Risque faible
1357,0,0,0,Faible,Régulièrement,4,Risque modéré
1358,1,0,0,Faible,Régulièrement,5,Risque modéré
1359,0,0,0,Faible,Régulièrement,2,Risque faible
1360,0,0,0,Moyenne,Rarement,3,Risque modéré
1361,0,0,0,Élevée,Jamais,3,Risque modéré
1362,1,0,1,Élevée,Parfois,6,Risque élevé
1363,0,0,1,Moyenne,Régulièrement,3,Risque modéré
1364,0,0,0,Moyenne,Intensivement,2,Risque faible
1365,0,0,0,Élevée,Régulièrement,0,Risque faible
1366,1,0,0,Faible,Parfois,5,Risque modéré
1367,0,0,0,Élevée,Intensivement,0,Risque faible
1368,0,0,0,Élevée,Parfois,1,Risque faible
1369,0,0,0,Moyenne,Régulièrement,2,Risque faible
1370,0,0,0,Moyenne,Régulièrement,2,Risque faible
1371,0,0,0,Élevée,Intensivement,0,Risque faible
1372,0,0,0,Moyenne,Régulièrement,2,Risque faible
1373,0,1,0,Faible,Jamais,8,Risque élevé
1374,0,0,0,Moyenne,Rarement,3,Risque modéré
1375,0,0,0,Moyenne,Régulièrement,2,Risque faible
1376,0,0,1,Faible,Rarement,6,Risque élevé
1377,0,0,0,Moyenne,Régulièrement,2,Risque faible
1378,0,0,0,Élevée,Intensivement,1,Risque faible
1379,0,0,0,Élevée,Régulièrement,0,Risque faible
1380,1,0,0,Moyenne,Régulièrement,4,Risque modéré
1381,0,0,0,Faible,Intensivement,2,Risque faible
1382,0,0,0,Faible,Régulièrement,4,Risque modéré
1383,0,0,1,Moyenne,Parfois,4,Risque modéré
1384,0,0,0,Faible,Rarement,5,Risque modéré
1385,0,0,0,Élevée,Parfois,0,Risque faible
1386,0,0,1,Moyenne,Intensivement,4,Risque modéré
1387,0,0,0,Faible,Parfois,3,Risque modéré
1388,0,0,0,Moyenne,Parfois,2,Risque faible
1389,0,0,0,Moyenne,Intensivement,1,Risque faible
1390,0,0,0,Moyenne,Jamais,5,Risque modéré
1391,0,0,0,Élevée,Rarement,2,Risque faible
1392,0,0,0,Faible,Régulièrement,3,Risque modéré
1393,0,0,0,Moyenne,Intensivement,2,Risque faible
1394,0,0,0,Moyenne,Parfois,2,Risque faible
1395,0,0,0,Élevée,Parfois,2,Risque faible
1396,0,0,0,Faible,Parfois,3,Risque modéré
1397,0,0,1,Moyenne,Parfois,5,Risque modéré
1398,0,1,0,Moyenne,Parfois,4,Risque modéré
1399,0,0,0,Moyenne,Parfois,2,Risque faible
1400,0,0,0,Faible,Parfois,4,Risque modéré
1401,0,0,0,Faible,Intensivement,3,Risque modéré
1402,0,0,1,Faible,Parfois,5,Risque modéré
1403,0,0,0,Moyenne,Parfois,2,Risque faible
1404,0,0,0,Faible,Rarement,4,Risque modéré
1405,1,0,1,Faible,Intensivement,7,Risque élevé
1406,0,0,1,Moyenne,Parfois,5,Risque modéré
1407,0,1,1,Élevée,Rarement,6,Risque élevé
1408,0,0,0,Élevée,Régulièrement,1,Risque faible
1409,0,0,0,Élevée,Régulièrement,0,Risque faible
1410,1,0,1,Moyenne,Régulièrement,5,Risque modéré
1411,0,0,0,Moyenne,Intensivement,1,Risque faible
1412,0,0,1,Moyenne,Intensivement,5,Risque modéré
1413,0,0,0,Élevée,Parfois,2,Risque faible
1414,0,0,0,Faible,Intensivement,4,Risque modéré
1415,0,0,0,Élevée,Jamais,4,Risque modéré
1416,0,0,0,Moyenne,Jamais,4,Risque modéré
1417,0,0,0,Moyenne,Rarement,3,Risque modéré
1418,0,0,1,Faible,Régulièrement,5,Risque modéré
1419,0,0,0,Élevée,Intensivement,2,Risque faible
1420,0,0,0,Moyenne,Parfois,2,Risque faible
1421,0,0,0,Élevée,Régulièrement,0,Risque faible
1422,0,1,0,Moyenne,Intensivement,5,Risque modéré
1423,0,0,1,Faible,Régulièrement,6,Risque élevé
1424,0,0,0,Moyenne,Parfois,2,Risque faible
1425,0,0,1,Élevée,Rarement,5,Risque modéré
1426,0,0,1,Faible,Parfois,6,Risque élevé
1427,0,0,1,Élevée,Rarement,4,Risque modéré
1428,0,0,0,Moyenne,Régulièrement,3,Risque modéré
1429,1,0,0,Faible,Régulièrement,5,Risque modéré
1430,0,0,0,Élevée,Régulièrement,1,Risque faible
1431,0,0,0,Moyenne,Régulièrement,1,Risque faible
1432,0,1,0,Élevée,Rarement,4,Risque modéré
1433,0,0,0,Élevée,Rarement,2,Risque faible
1434,0,0,1,Moyenne,Régulièrement,4,Risque modéré
1435,0,0,0,Faible,Parfois,3,Risque modéré
1436,0,0,0,Moyenne,Régulièrement,2,Risque faible
1437,0,0,1,Élevée,Rarement,5,Risque modéré
1438,1,0,1,Faible,Parfois,8,Risque élevé
1439,0,0,0,Faible,Parfois,3,Risque modéré
1440,0,0,0,Moyenne,Régulièrement,1,Risque faible
1441,0,0,0,Élevée,Parfois,1,Risque faible
1442,0,0,0,Moyenne,Intensivement,1,Risque faible
1443,0,0,0,Élevée,Régulièrement,1,Risque faible
1444,1,0,0,Faible,Régulièrement,5,Risque modéré
1445,0,0,1,Moyenne,Parfois,4,Risque modéré
1446,0,0,1,Élevée,Rarement,4,Risque modéré
1447,1,0,1,Faible,Rarement,8,Risque élevé
1448,0,0,0,Élevée,Intensivement,0,Risque faible
1449,0,0,0,Élevée,Régulièrement,0,Risque faible
1450,0,0,1,Moyenne,Jamais,7,Risque élevé
1451,0,0,0,Moyenne,Régulièrement,1,Risque faible
1452,0,1,1,Moyenne,Rarement,7,Risque élevé
1453,0,0,0,Moyenne,Régulièrement,2,Risque faible
1454,0,0,0,Moyenne,Régulièrement,2,Risque faible
1455,0,0,0,Faible,Parfois,3,Risque modéré
1456,0,1,1,Élevée,Rarement,7,Risque élevé
1457,0,0,0,Moyenne,Régulièrement,2,Risque faible
1458,0,0,0,Faible,Régulièrement,2,Risque faible
1459,0,0,1,Faible,Régulièrement,5,Risque modéré
1460,0,0,0,Élevée,Parfois,1,Risque faible
1461,1,0,0,Moyenne,Régulièrement,3,Risque modéré
1462,0,0,0,Élevée,Rarement,2,Risque faible
1463,0,0,0,Faible,Intensivement,3,Risque modéré
1464,0,0,0,Moyenne,Parfois,2,Risque faible
1465,0,0,0,Moyenne,Rarement,3,Risque modéré
1466,0,0,0,Faible,Parfois,4,Risque modéré
1467,0,0,1,Élevée,Intensivement,4,Risque modéré
1468,0,0,0,Élevée,Rarement,2,Risque faible
1469,0,0,0,Moyenne,Régulièrement,3,Risque modéré
1470,0,0,1,Faible,Rarement,6,Risque élevé
1471,0,0,0,Moyenne,Régulièrement,2,Risque faible
1472,1,0,0,Faible,Rarement,6,Risque élevé
1473,0,1,1,Moyenne,Régulièrement,7,Risque élevé
1474,0,0,0,Élevée,Régulièrement,1,Risque faible
1475,0,0,1,Moyenne,Parfois,4,Risque modéré
1476,0,0,0,Élevée,Parfois,2,Risque faible
1477,0,0,1,Élevée,Rarement,5,Risque modéré
1478,0,0,0,Élevée,Intensivement,0,Risque faible
1479,0,0,1,Faible,Parfois,5,Risque modéré
1480,0,0,0,Moyenne,Intensivement,2,Risque faible
1481,0,0,0,Moyenne,Intensivement,2,Risque faible
1482,0,0,0,Élevée,Parfois,1,Risque faible
1483,0,0,0,Faible,Rarement,4,Risque modéré
1484,0,0,1,Élevée,Rarement,4,Risque modéré
1485,0,0,0,Moyenne,Parfois,2,Risque faible
1486,0,1,0,Moyenne,Régulièrement,5,Risque modéré
1487,0,0,0,Élevée,Parfois,0,Risque faible
1488,0,0,1,Moyenne,Parfois,4,Risque modéré
1489,0,0,0,Élevée,Régulièrement,1,Risque faible
1490,0,0,1,Moyenne,Intensivement,4,Risque modéré
1491,0,0,0,Élevée,Régulièrement,1,Risque faible
1492,0,0,0,Moyenne,Intensivement,2,Risque faible
1493,0,0,0,Moyenne,Rarement,3,Risque modéré
1494,0,1,0,Élevée,Rarement,3,Risque modéré
1495,0,0,0,Moyenne,Rarement,3,Risque modéré
1496,0,0,0,Élevée,Rarement,2,Risque faible
1497,0,0,0,Élevée,Parfois,1,Risque faible
1498,0,0,0,Élevée,Intensivement,1,Risque faible
1499,0,1,0,Faible,Régulièrement,5,Risque modéré
1500,0,0,1,Élevée,Rarement,5,Risque modéré
1501,0,1,0,Moyenne,Rarement,5,Risque modéré
1502,0,0,0,Élevée,Intensivement,0,Risque faible
1503,0,0,0,Faible,Régulièrement,3,Risque modéré
1504,0,0,1,Élevée,Rarement,4,Risque modéré
1505,1,0,0,Moyenne,Rarement,4,Risque modéré
1506,0,0,0,Élevée,Jamais,3,Risque modéré
1507,0,0,0,Moyenne,Parfois,2,Risque faible
1508,0,0,0,Élevée,Intensivement,0,Risque faible
1509,1,0,0,Faible,Parfois,4,Risque modéré
1510,0,1,1,Élevée,Rarement,7,Risque élevé
1511,0,0,1,Moyenne,Intensivement,4,Risque modéré
1512,0,1,0,Moyenne,Jamais,6,Risque élevé
1513,0,1,0,Faible,Parfois,5,Risque modéré
1514,0,0,1,Faible,Rarement,7,Risque élevé
1515,1,0,0,Moyenne,Intensivement,4,Risque modéré
1516,0,0,1,Élevée,Parfois,4,Risque modéré
1517,1,0,0,Faible,Rarement,6,Risque élevé
1518,0,0,1,Moyenne,Parfois,4,Risque modéré
1519,0,0,1,Moyenne,Régulièrement,5,Risque modéré
1520,1,0,0,Moyenne,Régulièrement,4,Risque modéré
1521,0,1,0,Moyenne,Rarement,5,Risque modéré
1522,0,0,0,Moyenne,Régulièrement,2,Risque faible
1523,0,0,0,Élevée,Intensivement,1,Risque faible
1524,0,0,1,Faible,Parfois,6,Risque élevé
1525,0,0,0,Moyenne,Régulièrement,1,Risque faible
1526,0,0,1,Moyenne,Régulièrement,4,Risque modéré
1527,0,0,0,Élevée,Parfois,0,Risque faible
1528,0,0,0,Moyenne,Rarement,4,Risque modéré
1529,0,0,0,Moyenne,Régulièrement,2,Risque faible
1530,0,0,1,Moyenne,Parfois,5,Risque modéré
1531,0,0,0,Moyenne,Régulièrement,2,Risque faible
1532,1,0,0,Faible,Rarement,7,Risque élevé
1533,0,0,1,Moyenne,Parfois,4,Risque modéré
1534,0,0,1,Moyenne,Parfois,4,Risque modéré
1535,0,0,1,Élevée,Régulièrement,4,Risque modéré
1536,0,0,0,Moyenne,Régulièrement,3,Risque modéré
1537,0,0,0,Moyenne,Parfois,2,Risque faible
1538,0,0,1,Élevée,Régulièrement,3,Risque modéré
1539,0,0,0,Moyenne,Intensivement,2,Risque faible
1540,0,0,0,Moyenne,Intensivement,2,Risque faible
1541,1,0,0,Moyenne,Parfois,4,Risque modéré
1542,0,0,1,Faible,Régulièrement,5,Risque modéré
1543,0,0,0,Élevée,Parfois,2,Risque faible
1544,0,1,1,Moyenne,Jamais,9,Très haut risque
1545,0,1,0,Élevée,Régulièrement,3,Risque modéré
1546,0,0,0,Élevée,Régulièrement,2,Risque faible
1547,0,0,0,Élevée,Parfois,0,Risque faible
1548,0,0,0,Faible,Rarement,4,Risque modéré
1549,1,0,0,Faible,Rarement,7,Risque élevé
1550,0,0,0,Moyenne,Régulièrement,1,Risque faible
1551,0,0,0,Élevée,Parfois,0,Risque faible
1552,1,0,0,Moyenne,Régulièrement,4,Risque modéré
1553,0,0,1,Faible,Régulièrement,5,Risque modéré
1554,0,0,1,Moyenne,Parfois,4,Risque modéré
1555,0,0,0,Moyenne,Intensivement,1,Risque faible
1556,0,0,0,Moyenne,Rarement,3,Risque modéré
1557,0,0,0,Moyenne,Rarement,3,Risque modéré
1558,1,0,0,Faible,Régulièrement,5,Risque modéré
1559,1,0,1,Faible,Rarement,8,Risque élevé
1560,1,0,0,Faible,Régulièrement,5,Risque modéré
1561,0,0,1,Élevée,Régulièrement,2,Risque faible
1562,0,0,0,Moyenne,Régulièrement,2,Risque faible
1563,0,0,0,Moyenne,Intensivement,1,Risque faible
1564,0,0,1,Élevée,Intensivement,3,Risque modéré
1565,0,0,0,Élevée,Rarement,3,Risque modéré
1566,0,0,0,Élevée,Intensivement,0,Risque faible
1567,0,0,1,Faible,Parfois,6,Risque élevé
1568,0,0,1,Moyenne,Parfois,5,Risque modéré
1569,0,0,0,Faible,Parfois,3,Risque modéré
1570,0,0,1,Élevée,Rarement,5,Risque modéré
1571,0,0,0,Faible,Intensivement,3,Risque modéré
1572,0,0,0,Moyenne,Régulièrement,2,Risque faible
1573,1,0,0,Faible,Parfois,6,Risque élevé
1574,0,0,0,Élevée,Parfois,0,Risque faible
1575,0,0,0,Moyenne,Parfois,2,Risque faible
1576,0,0,0,Élevée,Parfois,0,Risque faible
1577,0,0,0,Faible,Régulièrement,2,Risque faible
1578,0,0,0,Moyenne,Jamais,4,Risque modéré
1579,0,0,0,Élevée,Parfois,0,Risque faible
1580,0,0,0,Moyenne,Parfois,2,Risque faible
1581,0,0,1,Moyenne,Parfois,5,Risque modéré
1582,1,0,1,Faible,Régulièrement,7,Risque élevé
1583,1,0,1,Moyenne,Régulièrement,6,Risque élevé
1584,0,0,0,Élevée,Rarement,3,Risque modéré
1585,0,0,1,Moyenne,Rarement,5,Risque modéré
1586,0,0,0,Moyenne,Régulièrement,3,Risque modéré
1587,0,0,0,Élevée,Régulièrement,2,Risque faible
1588,0,0,1,Élevée,Parfois,4,Risque modéré
1589,0,0,0,Moyenne,Régulièrement,1,Risque faible
1590,1,0,0,Moyenne,Intensivement,4,Risque modéré
1591,0,0,1,Élevée,Régulièrement,4,Risque modéré
1592,0,0,0,Moyenne,Régulièrement,2,Risque faible
1593,0,0,1,Élevée,Régulièrement,3,Risque modéré
1594,0,0,0,Élevée,Intensivement,0,Risque faible
1595,0,0,0,Moyenne,Intensivement,1,Risque faible
1596,1,0,0,Faible,Intensivement,5,Risque modéré
1597,0,0,1,Moyenne,Régulièrement,5,Risque modéré
1598,0,0,0,Faible,Rarement,4,Risque modéré
1599,0,0,1,Moyenne,Parfois,4,Risque modéré
1600,0,1,1,Faible,Jamais,10,Très haut risque
1601,1,0,0,Moyenne,Régulièrement,4,Risque modéré
1602,0,0,0,Moyenne,Régulièrement,2,Risque faible
1603,0,0,0,Élevée,Rarement,2,Risque faible
1604,0,0,0,Moyenne,Intensivement,1,Risque faible
1605,0,0,1,Élevée,Rarement,5,Risque modéré
1606,0,0,0,Élevée,Parfois,1,Risque faible
1607,0,0,0,Moyenne,Régulièrement,1,Risque faible
1608,0,0,1,Moyenne,Parfois,4,Risque modéré
1609,0,0,1,Élevée,Régulièrement,3,Risque modéré
1610,0,0,0,Moyenne,Rarement,3,Risque modéré
1611,1,1,0,Moyenne,Régulièrement,7,Risque élevé
1612,0,0,1,Élevée,Rarement,4,Risque modéré
1613,0,0,0,Élevée,Intensivement,1,Risque faible
1614,0,0,0,Moyenne,Parfois,2,Risque faible
1615,0,0,0,Moyenne,Régulièrement,2,Risque faible
1616,0,0,1,Élevée,Régulièrement,2,Risque faible
1617,0,0,1,Faible,Jamais,8,Risque élevé
1618,0,0,0,Moyenne,Rarement,4,Risque modéré
1619,0,0,0,Élevée,Parfois,0,Risque faible
1620,0,0,0,Moyenne,Régulièrement,3,Risque modéré
1621,0,0,1,Moyenne,Parfois,4,Risque modéré
1622,0,0,0,Élevée,Régulièrement,0,Risque faible
1623,0,0,0,Élevée,Intensivement,0,Risque faible
1624,0,0,1,Moyenne,Parfois,4,Risque modéré
1625,0,0,0,Élevée,Régulièrement,0,Risque faible
1626,0,0,0,Moyenne,Régulièrement,3,Risque modéré
1627,0,0,0,Moyenne,Intensivement,2,Risque faible
1628,0,0,1,Élevée,Régulièrement,4,Risque modéré
1629,0,0,0,Moyenne,Régulièrement,2,Risque faible
1630,0,0,0,Moyenne,Régulièrement,1,Risque faible
1631,0,0,1,Moyenne,Rarement,6,Risque élevé
1632,0,0,0,Moyenne,Intensivement,3,Risque modéré
1633,0,0,1,Élevée,Intensivement,4,Risque modéré
1634,0,0,0,Moyenne,Rarement,4,Risque modéré
1635,0,0,0,Moyenne,Rarement,3,Risque modéré
1636,0,0,0,Moyenne,Parfois,2,Risque faible
1637,0,0,0,Faible,Intensivement,2,Risque faible
1638,0,0,1,Moyenne,Régulièrement,4,Risque modéré
1639,0,0,0,Élevée,Parfois,0,Risque faible
1640,0,0,0,Moyenne,Parfois,1,Risque faible
1641,0,0,0,Moyenne,Rarement,3,Risque modéré
1642,0,0,0,Élevée,Régulièrement,0,Risque faible
1643,0,1,0,Élevée,Intensivement,2,Risque faible
1644,0,0,0,Élevée,Parfois,2,Risque faible
1645,0,0,1,Moyenne,Parfois,4,Risque modéré
1646,0,0,0,Élevée,Parfois,1,Risque faible
1647,0,0,0,Élevée,Régulièrement,1,Risque faible
1648,0,1,1,Moyenne,Rarement,8,Risque élevé
1649,0,0,0,Moyenne,Régulièrement,2,Risque faible
1650,0,0,0,Élevée,Régulièrement,0,Risque faible
1651,0,0,0,Moyenne,Régulièrement,1,Risque faible
1652,1,0,1,Moyenne,Rarement,6,Risque élevé
1653,0,0,0,Moyenne,Jamais,4,Risque modéré
1654,0,0,0,Faible,Intensivement,3,Risque modéré
1655,1,0,0,Élevée,Parfois,2,Risque faible
1656,0,0,0,Faible,Parfois,2,Risque faible
1657,0,0,1,Élevée,Régulièrement,3,Risque modéré
1658,0,0,1,Faible,Rarement,7,Risque élevé
1659,0,0,1,Élevée,Régulièrement,2,Risque faible
1660,1,0,0,Faible,Rarement,7,Risque élevé
1661,0,0,1,Élevée,Intensivement,4,Risque modéré
1662,0,0,0,Élevée,Parfois,2,Risque faible
1663,0,0,0,Élevée,Régulièrement,1,Risque faible
1664,1,1,0,Faible,Parfois,8,Risque élevé
1665,0,0,0,Moyenne,Intensivement,1,Risque faible
1666,1,0,0,Élevée,Intensivement,2,Risque faible
1667,0,0,0,Élevée,Jamais,4,Risque modéré
1668,0,0,0,Élevée,Régulièrement,0,Risque faible
1669,1,0,1,Moyenne,Parfois,7,Risque élevé
1670,0,0,1,Faible,Jamais,8,Risque élevé
1671,0,0,0,Moyenne,Intensivement,2,Risque faible
1672,0,0,0,Élevée,Parfois,0,Risque faible
1673,0,0,0,Moyenne,Parfois,2,Risque faible
1674,0,0,0,Élevée,Intensivement,0,Risque faible
1675,0,0,1,Moyenne,Régulièrement,5,Risque modéré
1676,1,0,0,Élevée,Intensivement,3,Risque modéré
1677,0,0,0,Moyenne,Régulièrement,3,Risque modéré
1678,1,0,0,Faible,Régulièrement,5,Risque modéré
1679,0,0,0,Moyenne,Rarement,3,Risque modéré
1680,0,0,1,Moyenne,Parfois,5,Risque modéré
1681,0,0,1,Moyenne,Parfois,4,Risque modéré
1682,0,0,0,Moyenne,Intensivement,3,Risque modéré
1683,0,0,0,Élevée,Régulièrement,1,Risque faible
1684,0,0,0,Moyenne,Parfois,2,Risque faible
1685,0,0,0,Faible,Rarement,5,Risque modéré
1686,0,0,1,Élevée,Régulièrement,2,Risque faible
1687,0,0,0,Faible,Intensivement,3,Risque modéré
1688,0,0,0,Élevée,Régulièrement,0,Risque faible
1689,0,0,0,Moyenne,Régulièrement,2,Risque faible
1690,1,0,0,Moyenne,Régulièrement,3,Risque modéré
1691,0,0,0,Faible,Parfois,3,Risque modéré
1692,0,0,0,Moyenne,Régulièrement,1,Risque faible
1693,0,0,0,Moyenne,Rarement,4,Risque modéré
1694,0,0,0,Faible,Régulièrement,3,Risque modéré
1695,0,0,1,Moyenne,Régulièrement,3,Risque modéré
1696,0,0,1,Moyenne,Jamais,7,Risque élevé
1697,1,0,0,Faible,Intensivement,6,Risque élevé
1698,1,0,0,Élevée,Parfois,3,Risque modéré
1699,0,0,0,Moyenne,Intensivement,1,Risque faible
1700,0,0,0,Moyenne,Intensivement,2,Risque faible
1701,0,0,1,Moyenne,Régulièrement,4,Risque modéré
1702,0,0,0,Moyenne,Intensivement,2,Risque faible
1703,0,0,1,Moyenne,Régulièrement,4,Risque modéré
1704,0,0,0,Moyenne,Régulièrement,3,Risque modéré
1705,0,0,1,Moyenne,Parfois,4,Risque modéré
1706,0,0,0,Élevée,Jamais,4,Risque modéré
1707,1,0,0,Moyenne,Régulièrement,4,Risque modéré
1708,1,0,0,Moyenne,Parfois,4,Risque modéré
1709,0,1,1,Moyenne,Jamais,9,Très haut risque
1710,0,0,0,Élevée,Régulièrement,0,Risque faible
1711,0,0,0,Faible,Régulièrement,2,Risque faible
1712,1,0,0,Moyenne,Parfois,5,Risque modéré
1713,0,0,1,Faible,Parfois,6,Risque élevé
1714,0,0,0,Élevée,Intensivement,0,Risque faible
1715,0,0,0,Élevée,Régulièrement,0,Risque faible
1716,0,1,0,Moyenne,Régulièrement,3,Risque modéré
1717,1,0,1,Faible,Parfois,8,Risque élevé
1718,0,0,1,Moyenne,Régulièrement,5,Risque modéré
1719,0,0,1,Moyenne,Régulièrement,4,Risque modéré
1720,0,0,1,Faible,Parfois,6,Risque élevé
1721,0,0,0,Moyenne,Rarement,3,Risque modéré
1722,0,0,1,Moyenne,Parfois,4,Risque modéré
1723,0,0,1,Élevée,Jamais,5,Risque modéré
1724,1,0,0,Élevée,Régulièrement,2,Risque faible
1725,0,0,0,Élevée,Régulièrement,0,Risque faible
1726,0,0,0,Élevée,Régulièrement,0,Risque faible
1727,0,0,0,Moyenne,Régulièrement,2,Risque faible
1728,0,0,0,Faible,Régulièrement,4,Risque modéré
1729,0,0,0,Moyenne,Parfois,2,Risque faible
1730,0,0,0,Élevée,Intensivement,1,Risque faible
1731,0,0,1,Moyenne,Rarement,5,Risque modéré
1732,0,1,0,Moyenne,Parfois,4,Risque modéré
1733,0,0,0,Élevée,Régulièrement,0,Risque faible
1734,0,0,0,Moyenne,Parfois,2,Risque faible
1735,0,0,0,Moyenne,Rarement,4,Risque modéré
1736,0,1,0,Élevée,Parfois,4,Risque modéré
1737,0,0,1,Moyenne,Rarement,6,Risque élevé
1738,0,1,1,Élevée,Parfois,5,Risque modéré
1739,0,0,1,Moyenne,Régulièrement,4,Risque modéré
1740,0,0,1,Moyenne,Rarement,5,Risque modéré
1741,0,0,0,Moyenne,Régulièrement,3,Risque modéré
1742,0,0,0,Faible,Régulièrement,4,Risque modéré
1743,1,0,0,Élevée,Parfois,2,Risque faible
1744,0,0,0,Moyenne,Parfois,2,Risque faible
1745,0,1,0,Moyenne,Régulièrement,4,Risque modéré
1746,0,0,0,Moyenne,Parfois,2,Risque faible
1747,0,0,0,Faible,Intensivement,3,Risque modéré
1748,0,0,1,Faible,Rarement,7,Risque élevé
1749,1,0,1,Faible,Régulièrement,8,Risque élevé
1750,0,0,0,Moyenne,Régulièrement,2,Risque faible
1751,0,1,0,Élevée,Intensivement,3,Risque modéré
1752,0,0,1,Élevée,Régulièrement,2,Risque faible
1753,1,0,1,Faible,Rarement,9,Très haut risque
1754,0,0,1,Moyenne,Régulièrement,5,Risque modéré
1755,0,0,0,Élevée,Régulièrement,1,Risque faible
1756,0,0,1,Faible,Régulièrement,5,Risque modéré
1757,0,0,0,Élevée,Régulièrement,0,Risque faible
1758,0,0,0,Élevée,Régulièrement,0,Risque faible
1759,0,0,0,Élevée,Régulièrement,0,Risque faible
1760,0,0,1,Faible,Régulièrement,5,Risque modéré
1761,0,0,0,Moyenne,Parfois,2,Risque faible
1762,0,0,0,Moyenne,Intensivement,2,Risque faible
1763,0,0,0,Moyenne,Régulièrement,1,Risque faible
1764,1,0,0,Moyenne,Régulièrement,3,Risque modéré
1765,0,0,1,Moyenne,Régulièrement,5,Risque modéré
1766,0,0,0,Élevée,Parfois,0,Risque faible
1767,0,0,1,Moyenne,Jamais,7,Risque élevé
1768,0,0,0,Moyenne,Intensivement,2,Risque faible
1769,0,0,1,Moyenne,Parfois,5,Risque modéré
1770,0,0,0,Moyenne,Régulièrement,2,Risque faible
1771,0,0,0,Élevée,Parfois,2,Risque faible
1772,0,0,0,Moyenne,Intensivement,2,Risque faible
1773,0,0,0,Moyenne,Rarement,4,Risque modéré
1774,0,0,0,Élevée,Intensivement,1,Risque faible
1775,0,1,0,Faible,Intensivement,5,Risque modéré
1776,0,0,1,Élevée,Rarement,4,Risque modéré
1777,0,0,0,Élevée,Rarement,2,Risque faible
1778,0,0,0,Moyenne,Intensivement,2,Risque faible
1779,0,0,0,Faible,Intensivement,2,Risque faible
1780,0,0,0,Faible,Régulièrement,3,Risque modéré
1781,0,0,0,Élevée,Régulièrement,1,Risque faible
1782,0,0,1,Moyenne,Rarement,4,Risque modéré
1783,0,0,0,Moyenne,Rarement,3,Risque modéré
1784,0,0,1,Moyenne,Rarement,6,Risque élevé
1785,1,1,0,Élevée,Régulièrement,5,Risque modéré
1786,0,0,0,Moyenne,Régulièrement,2,Risque faible
1787,0,0,0,Moyenne,Parfois,2,Risque faible
1788,0,0,1,Élevée,Régulièrement,3,Risque modéré
1789,0,0,0,Élevée,Régulièrement,0,Risque faible
1790,0,0,0,Élevée,Régulièrement,2,Risque faible
1791,0,0,1,Élevée,Parfois,3,Risque modéré
1792,0,0,0,Élevée,Rarement,3,Risque modéré
1793,0,0,0,Moyenne,Rarement,3,Risque modéré
1794,0,0,0,Moyenne,Régulièrement,2,Risque faible
1795,1,0,0,Moyenne,Régulièrement,3,Risque modéré
1796,0,1,0,Élevée,Parfois,4,Risque modéré
1797,1,0,0,Moyenne,Régulièrement,3,Risque modéré
1798,0,0,1,Élevée,Rarement,5,Risque modéré
1799,0,0,0,Moyenne,Rarement,4,Risque modéré
1800,0,0,1,Élevée,Intensivement,4,Risque modéré
1801,1,0,0,Moyenne,Intensivement,4,Risque modéré
1802,1,0,1,Faible,Rarement,9,Très haut risque
1803,0,0,0,Élevée,Parfois,1,Risque faible
1804,1,0,0,Faible,Régulièrement,5,Risque modéré
1805,0,0,1,Moyenne,Rarement,6,Risque élevé
1806,0,0,0,Moyenne,Régulièrement,2,Risque faible
1807,1,0,0,Moyenne,Régulièrement,4,Risque modéré
1808,0,0,0,Moyenne,Parfois,2,Risque faible
1809,0,0,1,Moyenne,Jamais,7,Risque élevé
1810,0,0,0,Élevée,Rarement,3,Risque modéré
1811,0,0,0,Faible,Parfois,3,Risque modéré
1812,0,0,0,Élevée,Rarement,1,Risque faible
1813,0,0,0,Élevée,Régulièrement,1,Risque faible
1814,0,0,0,Élevée,Parfois,0,Risque faible
1815,1,0,1,Faible,Régulièrement,8,Risque élevé
1816,0,1,0,Faible,Régulièrement,6,Risque élevé
1817,1,0,1,Moyenne,Parfois,6,Risque élevé
1818,0,0,1,Moyenne,Rarement,6,Risque élevé
1819,0,0,0,Moyenne,Régulièrement,2,Risque faible
1820,0,0,0,Élevée,Intensivement,0,Risque faible
1821,0,0,1,Faible,Parfois,6,Risque élevé
1822,1,0,0,Faible,Intensivement,4,Risque modéré
1823,0,0,0,Élevée,Parfois,0,Risque faible
1824,1,0,0,Moyenne,Régulièrement,4,Risque modéré
1825,0,0,1,Faible,Parfois,6,Risque élevé
1826,0,0,1,Moyenne,Parfois,5,Risque modéré
1827,0,0,1,Élevée,Parfois,3,Risque modéré
1828,1,0,0,Moyenne,Rarement,6,Risque élevé
1829,0,0,0,Moyenne,Régulièrement,2,Risque faible
1830,0,0,1,Élevée,Régulièrement,3,Risque modéré
1831,0,0,1,Élevée,Régulièrement,4,Risque modéré
1832,0,0,0,Faible,Parfois,4,Risque modéré
1833,0,0,0,Moyenne,Intensivement,2,Risque faible
1834,0,0,0,Moyenne,Régulièrement,2,Risque faible
1835,0,0,0,Moyenne,Régulièrement,1,Risque faible
1836,0,0,0,Moyenne,Régulièrement,2,Risque faible
1837,1,0,0,Moyenne,Parfois,4,Risque modéré
1838,0,0,0,Élevée,Intensivement,1,Risque faible
1839,0,0,0,Élevée,Régulièrement,1,Risque faible
1840,0,0,0,Moyenne,Intensivement,2,Risque faible
1841,0,0,0,Élevée,Parfois,1,Risque faible
1842,0,0,0,Moyenne,Parfois,2,Risque faible
1843,0,0,0,Élevée,Rarement,2,Risque faible
1844,0,0,0,Élevée,Régulièrement,1,Risque faible
1845,0,0,0,Élevée,Parfois,1,Risque faible
1846,0,0,0,Faible,Parfois,4,Risque modéré
1847,1,0,0,Moyenne,Intensivement,3,Risque modéré
1848,0,0,0,Moyenne,Régulièrement,2,Risque faible
1849,0,0,1,Élevée,Parfois,4,Risque modéré
1850,1,0,0,Faible,Parfois,4,Risque modéré
1851,0,0,1,Moyenne,Régulièrement,4,Risque modéré
1852,0,0,1,Élevée,Régulièrement,3,Risque modéré
1853,0,0,0,Moyenne,Parfois,1,Risque faible
1854,0,1,0,Moyenne,Régulièrement,4,Risque modéré
1855,1,0,0,Moyenne,Régulièrement,4,Risque modéré
1856,0,0,0,Moyenne,Parfois,2,Risque faible
1857,0,0,1,Moyenne,Régulièrement,4,Risque modéré
1858,0,0,0,Élevée,Régulièrement,0,Risque faible
1859,0,0,0,Moyenne,Intensivement,2,Risque faible
1860,0,0,0,Faible,Parfois,3,Risque modéré
1861,0,0,0,Élevée,Rarement,2,Risque faible
1862,0,0,1,Élevée,Jamais,6,Risque élevé
1863,0,0,0,Moyenne,Intensivement,1,Risque faible
1864,0,0,0,Moyenne,Régulièrement,2,Risque faible
1865,0,0,0,Moyenne,Parfois,3,Risque modéré
1866,0,0,0,Moyenne,Intensivement,2,Risque faible
1867,0,0,0,Faible,Parfois,3,Risque modéré
1868,0,0,1,Faible,Régulièrement,5,Risque modéré
1869,0,0,0,Élevée,Parfois,1,Risque faible
1870,0,0,0,Élevée,Régulièrement,1,Risque faible
1871,0,0,0,Élevée,Jamais,2,Risque faible
1872,0,0,0,Moyenne,Intensivement,2,Risque faible
1873,1,0,0,Faible,Régulièrement,5,Risque modéré
1874,0,0,1,Moyenne,Intensivement,4,Risque modéré
1875,1,0,0,Moyenne,Régulièrement,4,Risque modéré
1876,0,0,0,Élevée,Régulièrement,0,Risque faible
1877,0,0,0,Élevée,Rarement,1,Risque faible
1878,0,0,0,Faible,Parfois,3,Risque modéré
1879,0,0,1,Moyenne,Régulièrement,5,Risque modéré
1880,0,0,0,Moyenne,Régulièrement,2,Risque faible
1881,0,0,0,Moyenne,Parfois,3,Risque modéré
1882,0,1,0,Élevée,Régulièrement,4,Risque modéré
1883,0,0,0,Élevée,Intensivement,0,Risque faible
1884,0,0,0,Élevée,Régulièrement,1,Risque faible
1885,0,0,1,Élevée,Intensivement,3,Risque modéré
1886,0,0,0,Moyenne,Rarement,3,Risque modéré
1887,0,1,1,Moyenne,Parfois,7,Risque élevé
1888,0,0,1,Moyenne,Parfois,5,Risque modéré
1889,0,0,0,Élevée,Régulièrement,0,Risque faible
1890,0,0,0,Élevée,Régulièrement,0,Risque faible
1891,0,0,0,Moyenne,Rarement,3,Risque modéré
1892,0,0,1,Élevée,Régulièrement,3,Risque modéré
1893,0,0,0,Faible,Parfois,3,Risque modéré
1894,0,0,1,Élevée,Régulièrement,4,Risque modéré
1895,0,0,1,Moyenne,Parfois,3,Risque modéré
1896,0,0,0,Faible,Rarement,5,Risque modéré
1897,0,0,1,Faible,Parfois,6,Risque élevé
1898,0,0,0,Élevée,Régulièrement,0,Risque faible
1899,0,0,1,Moyenne,Régulièrement,4,Risque modéré
1900,0,0,1,Élevée,Régulièrement,3,Risque modéré
1901,0,0,0,Moyenne,Régulièrement,2,Risque faible
1902,0,0,1,Moyenne,Rarement,6,Risque élevé
1903,0,0,0,Faible,Parfois,3,Risque modéré
1904,0,0,1,Moyenne,Parfois,3,Risque modéré
1905,0,0,0,Élevée,Régulièrement,1,Risque faible
1906,0,0,1,Moyenne,Régulièrement,5,Risque modéré
1907,0,0,0,Moyenne,Parfois,2,Risque faible
1908,0,0,0,Faible,Intensivement,3,Risque modéré
1909,0,0,0,Moyenne,Régulièrement,1,Risque faible
1910,0,0,1,Élevée,Parfois,3,Risque modéré
1911,0,0,0,Faible,Parfois,3,Risque modéré
1912,0,0,0,Moyenne,Parfois,2,Risque faible
1913,0,0,0,Faible,Parfois,3,Risque modéré
1914,0,0,0,Moyenne,Régulièrement,2,Risque faible
1915,1,0,0,Moyenne,Intensivement,4,Risque modéré
1916,0,0,1,Moyenne,Parfois,4,Risque modéré
1917,0,0,1,Moyenne,Régulièrement,4,Risque modéré
1918,1,0,0,Moyenne,Rarement,6,Risque élevé
1919,0,0,0,Élevée,Régulièrement,0,Risque faible
1920,0,0,0,Élevée,Régulièrement,0,Risque faible
1921,1,0,0,Faible,Régulièrement,4,Risque modéré
1922,0,0,0,Élevée,Parfois,1,Risque faible
1923,0,0,0,Élevée,Régulièrement,1,Risque faible
1924,0,0,1,Moyenne,Intensivement,5,Risque modéré
1925,0,0,1,Élevée,Rarement,5,Risque modéré
1926,1,0,1,Faible,Rarement,9,Très haut risque
1927,0,0,1,Moyenne,Régulièrement,4,Risque modéré
1928,0,0,0,Élevée,Régulièrement,1,Risque faible
1929,0,0,1,Moyenne,Rarement,6,Risque élevé
1930,0,0,0,Faible,Régulièrement,3,Risque modéré
1931,0,0,0,Moyenne,Parfois,2,Risque faible
1932,0,0,0,Élevée,Parfois,2,Risque faible
1933,0,0,0,Moyenne,Parfois,2,Risque faible
1934,0,0,0,Faible,Parfois,4,Risque modéré
1935,0,0,0,Moyenne,Intensivement,1,Risque faible
1936,0,0,1,Élevée,Régulièrement,3,Risque modéré
1937,0,0,0,Élevée,Rarement,2,Risque faible
1938,0,0,0,Faible,Intensivement,3,Risque modéré
1939,0,0,0,Moyenne,Rarement,3,Risque modéré
1940,1,0,1,Moyenne,Jamais,9,Très haut risque
1941,0,1,0,Faible,Parfois,6,Risque élevé
1942,1,0,0,Faible,Jamais,8,Risque élevé
1943,0,0,1,Élevée,Intensivement,3,Risque modéré
1944,0,0,0,Faible,Rarement,5,Risque modéré
1945,0,0,0,Élevée,Rarement,2,Risque faible
1946,0,0,1,Faible,Rarement,7,Risque élevé
1947,1,0,0,Faible,Rarement,6,Risque élevé
1948,0,0,1,Moyenne,Parfois,5,Risque modéré
1949,1,0,0,Moyenne,Jamais,6,Risque élevé
1950,0,0,1,Élevée,Rarement,5,Risque modéré
1951,0,0,1,Moyenne,Rarement,6,Risque élevé
1952,0,0,0,Faible,Régulièrement,3,Risque modéré
1953,0,1,0,Moyenne,Jamais,7,Risque élevé
1954,0,0,0,Moyenne,Parfois,1,Risque faible
1955,0,0,1,Faible,Rarement,7,Risque élevé
1956,1,0,0,Faible,Régulièrement,4,Risque modéré
1957,0,0,0,Faible,Parfois,4,Risque modéré
1958,0,0,0,Faible,Régulièrement,2,Risque faible
1959,0,0,0,Moyenne,Régulièrement,2,Risque faible
1960,1,0,0,Moyenne,Régulièrement,4,Risque modéré
1961,0,0,0,Élevée,Rarement,3,Risque modéré
1962,0,0,0,Moyenne,Rarement,3,Risque modéré
1963,0,0,1,Faible,Parfois,5,Risque modéré
1964,0,0,1,Élevée,Parfois,3,Risque modéré
1965,1,0,0,Moyenne,Parfois,4,Risque modéré
1966,0,1,1,Faible,Régulièrement,8,Risque élevé
1967,0,0,0,Élevée,Parfois,1,Risque faible
1968,1,0,0,Moyenne,Régulièrement,3,Risque modéré
1969,0,0,1,Moyenne,Parfois,5,Risque modéré
1970,0,0,0,Moyenne,Régulièrement,2,Risque faible
1971,0,0,1,Moyenne,Parfois,5,Risque modéré
1972,0,0,0,Élevée,Intensivement,2,Risque faible
1973,0,0,1,Élevée,Jamais,6,Risque élevé
1974,0,0,1,Élevée,Régulièrement,2,Risque faible
1975,0,0,1,Faible,Intensivement,6,Risque élevé
1976,0,0,0,Élevée,Rarement,3,Risque modéré
1977,0,0,1,Faible,Régulièrement,5,Risque modéré
1978,0,0,0,Moyenne,Parfois,2,Risque faible
1979,1,0,1,Moyenne,Parfois,7,Risque élevé
1980,0,0,0,Faible,Intensivement,3,Risque modéré
1981,0,0,0,Élevée,Régulièrement,1,Risque faible
1982,0,0,0,Moyenne,Jamais,3,Risque modéré
1983,1,0,0,Moyenne,Rarement,6,Risque élevé
1984,0,0,1,Moyenne,Rarement,6,Risque élevé
1985,0,0,0,Élevée,Régulièrement,0,Risque faible
1986,0,0,1,Faible,Parfois,6,Risque élevé
1987,0,0,1,Moyenne,Rarement,6,Risque élevé
1988,1,0,0,Moyenne,Intensivement,3,Risque modéré
1989,0,0,1,Moyenne,Régulièrement,5,Risque modéré
1990,0,0,0,Élevée,Parfois,1,Risque faible
1991,0,0,0,Moyenne,Intensivement,2,Risque faible
1992,1,1,0,Faible,Régulièrement,8,Risque élevé
1993,0,0,1,Élevée,Régulièrement,3,Risque modéré
1994,0,0,0,Moyenne,Parfois,2,Risque faible
1995,0,0,0,Élevée,Intensivement,0,Risque faible
1996,0,0,0,Élevée,Régulièrement,1,Risque faible
1997,0,0,0,Élevée,Régulièrement,0,Risque faible
1998,1,0,0,Faible,Intensivement,4,Risque modéré
1999,0,0,0,Faible,Jamais,6,Risque élevé
2000,0,1,0,Moyenne,Rarement,6,Risque élevé
